Species,Region,Basin,DbSiteCode,Date,Method,Watercourse,Site,LatWgs84,LongWgs84,PredictedNumberOfIndigenousSpecies,NumberOfIndigenousSpecies,Poise,PropTrans,PropAlien,PropNonIndigenous,Observations,Type,GenusSpecies,VernacularName
AmbSp1,Dry Tropics,Black,117-0009,2022-09-14T00:00:00Z,Backpack Electrofishing,Rollingstone Creek,"Bruce Highway, Rollingstone",-19.0494462,146.3960195,11.820486,10,0.8459889043479261,0,0.016853932584269662,0.016853932584269662,1,Indigenous,Ambassis sp. 1,Northern perchlet (undescribed)
AmbSp1,Dry Tropics,Black,117-0066,2022-09-16T00:00:00Z,Backpack Electrofishing,Deep Creek,"Bruce Highway, Bluewater",-19.19228,146.57301,12.703657,5,0.39358745280984836,0,0.029304029304029304,0.029304029304029304,46,Indigenous,Ambassis sp. 1,Northern perchlet (undescribed)
AmbSp1,Dry Tropics,Ross,118-0023,2022-09-14T00:00:00Z,Backpack Electrofishing,Little Bohle River,"Granitevale Road, Alice River",-19.354728,146.611096,10.137154,6,0.5918821002423362,0,0.09310344827586207,0.09310344827586207,46,Indigenous,Ambassis sp. 1,Northern perchlet (undescribed)
AmbSp1,Dry Tropics,Ross,118-0056,2022-09-12T00:00:00Z,Backpack Electrofishing,Alligator Creek,"Alligator Creek Road, Alligator Creek",-19.3979631,146.9494646,12.530987,6,0.4788130416223399,0,0.023121387283236993,0.023121387283236993,3,Indigenous,Ambassis sp. 1,Northern perchlet (undescribed)
AmbSp1,Dry Tropics,Ross,118-0107,2022-09-13T00:00:00Z,Backpack Electrofishing,Ross River,"Riverway Drive, Kelso",-19.4066523,146.734806,15.428856,10,0.6481361936361322,0.041666666666666664,0.3333333333333333,0.375,9,Indigenous,Ambassis sp. 1,Northern perchlet (undescribed)
AmbSp1,Dry Tropics,Ross,118-0232,2022-09-15T00:00:00Z,Backpack Electrofishing,Alligator Creek,"Strachan Road, Alligator Creek",-19.4041689,146.9470566,12.458508,8,0.6421314655013265,0,0,0,5,Indigenous,Ambassis sp. 1,Northern perchlet (undescribed)
AmbSp1,Dry Tropics,Ross,118-9999,2021-06-16T00:00:00Z,Boat Electrofishing,Ross River,"Riverview Park, Annandale",-19.3083,146.7761,16.806707,13,0.7735007220629241,0.003424657534246575,0.007990867579908675,0.01141552511415525,18,Indigenous,Ambassis sp. 1,Northern perchlet (undescribed)
AmbSp1,Dry Tropics,Ross,118-0008,2022-09-15T00:00:00Z,Backpack Electrofishing,Bohle River,"Off S Beck Drive, Rasmussen",-19.347338,146.712697,12.950792,6,0.46329212916090384,0,0.10995850622406639,0.10995850622406639,113,Indigenous,Ambassis sp. 1,Northern perchlet (undescribed)
AmbSp1,Dry Tropics,Ross,118-0031,2022-09-14T00:00:00Z,Backpack Electrofishing,Bohle River,"Off Laudberg Road, Kelso",-19.390807,146.700757,12.254076,6,0.48963300048081965,0,0.4467005076142132,0.4467005076142132,31,Indigenous,Ambassis sp. 1,Northern perchlet (undescribed)
AmbSp1,Dry Tropics,Ross,118-0063,2022-09-13T00:00:00Z,Backpack Electrofishing,Stuart Creek,"Bougainville Street, Roseneath",-19.3677701,146.8449613,12.172958,9,0.7393437158002188,0,0.20430107526881722,0.20430107526881722,36,Indigenous,Ambassis sp. 1,Northern perchlet (undescribed)
AmbSp1,Dry Tropics,Ross,118-0114,2022-09-14T00:00:00Z,Backpack Electrofishing,Stony Creek,"Geaney Lane, Deeragun",-19.2483848,146.6660557,11.874111,3,0.25265049316113014,0,0.7674418604651163,0.7674418604651163,11,Indigenous,Ambassis sp. 1,Northern perchlet (undescribed)
AmbSp1,Dry Tropics,Ross,118-9998,2021-06-16T00:00:00Z,Boat Electrofishing,Ross River,"Gollogly Drive, Rasmussen",-19.3395,146.7291,16.274612,15,0.921680959275711,0.0468384074941452,0.00936768149882904,0.05620608899297424,13,Indigenous,Ambassis sp. 1,Northern perchlet (undescribed)
AmbSp1,Dry Tropics,Black,117-0019,2022-09-12T00:00:00Z,Backpack Electrofishing,Canal Creek,"Black River Road, Black River",-19.2907993,146.6009929,11.654436,5,0.42902118987139315,0,0.4126984126984127,0.4126984126984127,9,Indigenous,Ambassis sp. 1,Northern perchlet (undescribed)
AmbSp1,Dry Tropics,Ross,118-0139,2022-09-13T00:00:00Z,Backpack Electrofishing,Antill Plains Creek,"Flinders Highway, Ross River",-19.4348788,146.8551803,12.904691,9,0.6974208061239127,0.024193548387096774,0.11290322580645161,0.13709677419354838,25,Indigenous,Ambassis sp. 1,Northern perchlet (undescribed)
AmbSp1,Dry Tropics,Ross,118-0036,2022-09-15T00:00:00Z,Backpack Electrofishing,Bohle River,"Dalrymple Road, Mount Louisa",-19.290351486,146.710731118,13.449694,9,0.6691602054292091,0,0.04583333333333333,0.04583333333333333,2,Indigenous,Ambassis sp. 1,Northern perchlet (undescribed)
AmbSp1,Dry Tropics,Ross,118-0039,2022-09-13T00:00:00Z,Backpack Electrofishing,Sachs Creek,"Kavenagh Court, Oak Valley",-19.4066148,146.8166231,11.229382,6,0.5343125739243709,0,0.8148148148148148,0.8148148148148148,9,Indigenous,Ambassis sp. 1,Northern perchlet (undescribed)
AmnPer,Dry Tropics,Ross,118-9999,2021-06-16T00:00:00Z,Boat Electrofishing,Ross River,"Riverview Park, Annandale",-19.3083,146.7761,16.806707,13,0.7735007220629241,0.003424657534246575,0.007990867579908675,0.01141552511415525,50,Indigenous,Amniataba percoides,Barred grunter
AmnPer,Dry Tropics,Ross,118-0107,2022-09-13T00:00:00Z,Backpack Electrofishing,Ross River,"Riverway Drive, Kelso",-19.4066523,146.734806,15.428856,10,0.6481361936361322,0.041666666666666664,0.3333333333333333,0.375,10,Indigenous,Amniataba percoides,Barred grunter
AmnPer,Dry Tropics,Ross,118-0063,2022-09-13T00:00:00Z,Backpack Electrofishing,Stuart Creek,"Bougainville Street, Roseneath",-19.3677701,146.8449613,12.172958,9,0.7393437158002188,0,0.20430107526881722,0.20430107526881722,1,Indigenous,Amniataba percoides,Barred grunter
AmnPer,Dry Tropics,Ross,118-9998,2021-06-16T00:00:00Z,Boat Electrofishing,Ross River,"Gollogly Drive, Rasmussen",-19.3395,146.7291,16.274612,15,0.921680959275711,0.0468384074941452,0.00936768149882904,0.05620608899297424,8,Indigenous,Amniataba percoides,Barred grunter
AmpSpp,Dry Tropics,Ross,118-9999,2021-06-16T00:00:00Z,Boat Electrofishing,Ross River,"Riverview Park, Annandale",-19.3083,146.7761,16.806707,13,0.7735007220629241,0.003424657534246575,0.007990867579908675,0.01141552511415525,5,Alien,Amphilophus sp.,Midas cichlid
AmpSpp,Dry Tropics,Ross,118-9998,2021-06-16T00:00:00Z,Boat Electrofishing,Ross River,"Gollogly Drive, Rasmussen",-19.3395,146.7291,16.274612,15,0.921680959275711,0.0468384074941452,0.00936768149882904,0.05620608899297424,1,Alien,Amphilophus sp.,Midas cichlid
AngMar,Dry Tropics,Black,117-0021,2022-09-13T00:00:00Z,Backpack Electrofishing,Crystal Creek,"Spiegelhauer Road, Mutarnee",-18.9728322,146.2760807,11.787072,9,0.7635484028603541,0,0,0,2,Indigenous,Anguilla marmorata,Giant mottled eel
AngMar,Dry Tropics,Black,117-0037,2022-09-13T00:00:00Z,Backpack Electrofishing,Crystal Creek,"Daly Road, Mutarnee",-18.9570751,146.2848667,14.832156,10,0.6742108160135317,0,0,0,1,Indigenous,Anguilla marmorata,Giant mottled eel
AngRei,Dry Tropics,Ross,118-0063,2022-09-13T00:00:00Z,Backpack Electrofishing,Stuart Creek,"Bougainville Street, Roseneath",-19.3677701,146.8449613,12.172958,9,0.7393437158002188,0,0.20430107526881722,0.20430107526881722,5,Indigenous,Anguilla reinhardtii,Long-finned eel
AngRei,Dry Tropics,Ross,118-0107,2022-09-13T00:00:00Z,Backpack Electrofishing,Ross River,"Riverway Drive, Kelso",-19.4066523,146.734806,15.428856,10,0.6481361936361322,0.041666666666666664,0.3333333333333333,0.375,6,Indigenous,Anguilla reinhardtii,Long-finned eel
AngRei,Dry Tropics,Ross,118-0056,2022-09-12T00:00:00Z,Backpack Electrofishing,Alligator Creek,"Alligator Creek Road, Alligator Creek",-19.3979631,146.9494646,12.530987,6,0.4788130416223399,0,0.023121387283236993,0.023121387283236993,4,Indigenous,Anguilla reinhardtii,Long-finned eel
AngRei,Dry Tropics,Ross,118-0036,2022-09-15T00:00:00Z,Backpack Electrofishing,Bohle River,"Dalrymple Road, Mount Louisa",-19.290351486,146.710731118,13.449694,9,0.6691602054292091,0,0.04583333333333333,0.04583333333333333,14,Indigenous,Anguilla reinhardtii,Long-finned eel
AngRei,Dry Tropics,Black,117-0009,2022-09-14T00:00:00Z,Backpack Electrofishing,Rollingstone Creek,"Bruce Highway, Rollingstone",-19.0494462,146.3960195,11.820486,10,0.8459889043479261,0,0.016853932584269662,0.016853932584269662,29,Indigenous,Anguilla reinhardtii,Long-finned eel
AngRei,Dry Tropics,Ross,118-9999,2021-06-16T00:00:00Z,Boat Electrofishing,Ross River,"Riverview Park, Annandale",-19.3083,146.7761,16.806707,13,0.7735007220629241,0.003424657534246575,0.007990867579908675,0.01141552511415525,11,Indigenous,Anguilla reinhardtii,Long-finned eel
AngRei,Dry Tropics,Ross,118-0232,2022-09-15T00:00:00Z,Backpack Electrofishing,Alligator Creek,"Strachan Road, Alligator Creek",-19.4041689,146.9470566,12.458508,8,0.6421314655013265,0,0,0,15,Indigenous,Anguilla reinhardtii,Long-finned eel
AngRei,Dry Tropics,Ross,118-0168,2022-09-12T00:00:00Z,Backpack Electrofishing,Alligator Creek,"Alligator Creek Road, Bowling Green Bay National Park, Mount Elliot",-19.4313303,146.9440282,10.06027,7,0.6958063749780076,0,0.004016064257028112,0.004016064257028112,17,Indigenous,Anguilla reinhardtii,Long-finned eel
AngRei,Dry Tropics,Ross,118-9998,2021-06-16T00:00:00Z,Boat Electrofishing,Ross River,"Gollogly Drive, Rasmussen",-19.3395,146.7291,16.274612,15,0.921680959275711,0.0468384074941452,0.00936768149882904,0.05620608899297424,7,Indigenous,Anguilla reinhardtii,Long-finned eel
AngRei,Dry Tropics,Black,117-0006,2022-09-12T00:00:00Z,Backpack Electrofishing,Black River,"Bruce Highway, Black River",-19.2272281,146.629630103,14.629471,6,0.4101310293448068,0,0.3430232558139535,0.3430232558139535,32,Indigenous,Anguilla reinhardtii,Long-finned eel
AngRei,Dry Tropics,Black,117-0019,2022-09-12T00:00:00Z,Backpack Electrofishing,Canal Creek,"Black River Road, Black River",-19.2907993,146.6009929,11.654436,5,0.42902118987139315,0,0.4126984126984127,0.4126984126984127,3,Indigenous,Anguilla reinhardtii,Long-finned eel
AngRei,Dry Tropics,Black,117-0021,2022-09-13T00:00:00Z,Backpack Electrofishing,Crystal Creek,"Spiegelhauer Road, Mutarnee",-18.9728322,146.2760807,11.787072,9,0.7635484028603541,0,0,0,9,Indigenous,Anguilla reinhardtii,Long-finned eel
AngRei,Dry Tropics,Black,117-0037,2022-09-13T00:00:00Z,Backpack Electrofishing,Crystal Creek,"Daly Road, Mutarnee",-18.9570751,146.2848667,14.832156,10,0.6742108160135317,0,0,0,6,Indigenous,Anguilla reinhardtii,Long-finned eel
AngRei,Dry Tropics,Black,117-0029,2022-09-14T00:00:00Z,Backpack Electrofishing,Leichardt Creek,"Setter Road, Bluewater",-19.1371678,146.4820601,11.308842,9,0.7958374517921464,0,0,0,7,Indigenous,Anguilla reinhardtii,Long-finned eel
AngRei,Dry Tropics,Black,117-0041,2022-09-14T00:00:00Z,Backpack Electrofishing,Bullocky Toms Creek,"Volk Road, Mutarnee",-18.9591618,146.2615233,10.006556,6,0.5996068977178561,0,0.038834951456310676,0.038834951456310676,28,Indigenous,Anguilla reinhardtii,Long-finned eel
AngRei,Dry Tropics,Black,117-0131,2022-09-16T00:00:00Z,Backpack Electrofishing,Log Creek,"Adenaline Paintball, Black River",-19.287011,146.59877,12.636838,5,0.395668600008958,0,0.44495412844036697,0.44495412844036697,4,Indigenous,Anguilla reinhardtii,Long-finned eel
AngRei,Dry Tropics,Black,117-0069,2022-09-13T00:00:00Z,Backpack Electrofishing,Nolans Gully,"Intake Road, Paluma Range National Park, Crystal Creek",-18.9835763,146.2364761,6.628424,7,1.0560579709445261,0,0,0,6,Indigenous,Anguilla reinhardtii,Long-finned eel
AwaAcr,Dry Tropics,Black,117-0029,2022-09-14T00:00:00Z,Backpack Electrofishing,Leichardt Creek,"Setter Road, Bluewater",-19.1371678,146.4820601,11.308842,9,0.7958374517921464,0,0,0,1,Indigenous,Awaous acritosus,Roman-nose goby
AwaAcr,Dry Tropics,Black,117-0021,2022-09-13T00:00:00Z,Backpack Electrofishing,Crystal Creek,"Spiegelhauer Road, Mutarnee",-18.9728322,146.2760807,11.787072,9,0.7635484028603541,0,0,0,3,Indigenous,Awaous acritosus,Roman-nose goby
AwaAcr,Dry Tropics,Black,117-0041,2022-09-14T00:00:00Z,Backpack Electrofishing,Bullocky Toms Creek,"Volk Road, Mutarnee",-18.9591618,146.2615233,10.006556,6,0.5996068977178561,0,0.038834951456310676,0.038834951456310676,5,Indigenous,Awaous acritosus,Roman-nose goby
AwaAcr,Dry Tropics,Black,117-0069,2022-09-13T00:00:00Z,Backpack Electrofishing,Nolans Gully,"Intake Road, Paluma Range National Park, Crystal Creek",-18.9835763,146.2364761,6.628424,7,1.0560579709445261,0,0,0,3,Indigenous,Awaous acritosus,Roman-nose goby
AwaAcr,Dry Tropics,Black,117-0085,2022-09-14T00:00:00Z,Backpack Electrofishing,Clerk Creek,"Bruce Highway, Mutarnee",-18.980947842,146.333471583,11.603516,4,0.3447230994467539,0,0.2607879924953096,0.2607879924953096,2,Indigenous,Awaous acritosus,Roman-nose goby
CraSte,Dry Tropics,Black,117-0021,2022-09-13T00:00:00Z,Backpack Electrofishing,Crystal Creek,"Spiegelhauer Road, Mutarnee",-18.9728322,146.2760807,11.787072,9,0.7635484028603541,0,0,0,13,Indigenous,Craterocephalus stercusmuscarum,Fly-specked hardyhead
CraSte,Dry Tropics,Black,117-0009,2022-09-14T00:00:00Z,Backpack Electrofishing,Rollingstone Creek,"Bruce Highway, Rollingstone",-19.0494462,146.3960195,11.820486,10,0.8459889043479261,0,0.016853932584269662,0.016853932584269662,2,Indigenous,Craterocephalus stercusmuscarum,Fly-specked hardyhead
CraSte,Dry Tropics,Black,117-0029,2022-09-14T00:00:00Z,Backpack Electrofishing,Leichardt Creek,"Setter Road, Bluewater",-19.1371678,146.4820601,11.308842,9,0.7958374517921464,0,0,0,1,Indigenous,Craterocephalus stercusmuscarum,Fly-specked hardyhead
CraSte,Dry Tropics,Black,117-0041,2022-09-14T00:00:00Z,Backpack Electrofishing,Bullocky Toms Creek,"Volk Road, Mutarnee",-18.9591618,146.2615233,10.006556,6,0.5996068977178561,0,0.038834951456310676,0.038834951456310676,17,Indigenous,Craterocephalus stercusmuscarum,Fly-specked hardyhead
CraSte,Dry Tropics,Ross,118-0036,2022-09-15T00:00:00Z,Backpack Electrofishing,Bohle River,"Dalrymple Road, Mount Louisa",-19.290351486,146.710731118,13.449694,9,0.6691602054292091,0,0.04583333333333333,0.04583333333333333,18,Indigenous,Craterocephalus stercusmuscarum,Fly-specked hardyhead
CraSte,Dry Tropics,Ross,118-0139,2022-09-13T00:00:00Z,Backpack Electrofishing,Antill Plains Creek,"Flinders Highway, Ross River",-19.4348788,146.8551803,12.904691,9,0.6974208061239127,0.024193548387096774,0.11290322580645161,0.13709677419354838,44,Indigenous,Craterocephalus stercusmuscarum,Fly-specked hardyhead
CraSte,Dry Tropics,Ross,118-0232,2022-09-15T00:00:00Z,Backpack Electrofishing,Alligator Creek,"Strachan Road, Alligator Creek",-19.4041689,146.9470566,12.458508,8,0.6421314655013265,0,0,0,6,Indigenous,Craterocephalus stercusmuscarum,Fly-specked hardyhead
CraSte,Dry Tropics,Ross,118-0008,2022-09-15T00:00:00Z,Backpack Electrofishing,Bohle River,"Off S Beck Drive, Rasmussen",-19.347338,146.712697,12.950792,6,0.46329212916090384,0,0.10995850622406639,0.10995850622406639,87,Indigenous,Craterocephalus stercusmuscarum,Fly-specked hardyhead
CraSte,Dry Tropics,Ross,118-0063,2022-09-13T00:00:00Z,Backpack Electrofishing,Stuart Creek,"Bougainville Street, Roseneath",-19.3677701,146.8449613,12.172958,9,0.7393437158002188,0,0.20430107526881722,0.20430107526881722,15,Indigenous,Craterocephalus stercusmuscarum,Fly-specked hardyhead
CraSte,Dry Tropics,Ross,118-0056,2022-09-12T00:00:00Z,Backpack Electrofishing,Alligator Creek,"Alligator Creek Road, Alligator Creek",-19.3979631,146.9494646,12.530987,6,0.4788130416223399,0,0.023121387283236993,0.023121387283236993,10,Indigenous,Craterocephalus stercusmuscarum,Fly-specked hardyhead
CraSte,Dry Tropics,Ross,118-9999,2021-06-16T00:00:00Z,Boat Electrofishing,Ross River,"Riverview Park, Annandale",-19.3083,146.7761,16.806707,13,0.7735007220629241,0.003424657534246575,0.007990867579908675,0.01141552511415525,603,Indigenous,Craterocephalus stercusmuscarum,Fly-specked hardyhead
CraSte,Dry Tropics,Ross,118-0039,2022-09-13T00:00:00Z,Backpack Electrofishing,Sachs Creek,"Kavenagh Court, Oak Valley",-19.4066148,146.8166231,11.229382,6,0.5343125739243709,0,0.8148148148148148,0.8148148148148148,2,Indigenous,Craterocephalus stercusmuscarum,Fly-specked hardyhead
CraSte,Dry Tropics,Ross,118-0107,2022-09-13T00:00:00Z,Backpack Electrofishing,Ross River,"Riverway Drive, Kelso",-19.4066523,146.734806,15.428856,10,0.6481361936361322,0.041666666666666664,0.3333333333333333,0.375,8,Indigenous,Craterocephalus stercusmuscarum,Fly-specked hardyhead
CraSte,Dry Tropics,Ross,118-9998,2021-06-16T00:00:00Z,Boat Electrofishing,Ross River,"Gollogly Drive, Rasmussen",-19.3395,146.7291,16.274612,15,0.921680959275711,0.0468384074941452,0.00936768149882904,0.05620608899297424,282,Indigenous,Craterocephalus stercusmuscarum,Fly-specked hardyhead
CraSte,Dry Tropics,Ross,118-0031,2022-09-14T00:00:00Z,Backpack Electrofishing,Bohle River,"Off Laudberg Road, Kelso",-19.390807,146.700757,12.254076,6,0.48963300048081965,0,0.4467005076142132,0.4467005076142132,9,Indigenous,Craterocephalus stercusmuscarum,Fly-specked hardyhead
CraSte,Dry Tropics,Ross,118-0168,2022-09-12T00:00:00Z,Backpack Electrofishing,Alligator Creek,"Alligator Creek Road, Bowling Green Bay National Park, Mount Elliot",-19.4313303,146.9440282,10.06027,7,0.6958063749780076,0,0.004016064257028112,0.004016064257028112,13,Indigenous,Craterocephalus stercusmuscarum,Fly-specked hardyhead
EleFus,Dry Tropics,Black,117-0009,2022-09-14T00:00:00Z,Backpack Electrofishing,Rollingstone Creek,"Bruce Highway, Rollingstone",-19.0494462,146.3960195,11.820486,10,0.8459889043479261,0,0.016853932584269662,0.016853932584269662,1,Indigenous,Eleotris fusca,Brown spine-cheek gudgeon
EleMel,Dry Tropics,Black,117-0037,2022-09-13T00:00:00Z,Backpack Electrofishing,Crystal Creek,"Daly Road, Mutarnee",-18.9570751,146.2848667,14.832156,10,0.6742108160135317,0,0,0,1,Indigenous,Eleotris melanosoma,Black spine-cheek gudgeon
GamHol,Dry Tropics,Black,117-0019,2022-09-12T00:00:00Z,Backpack Electrofishing,Canal Creek,"Black River Road, Black River",-19.2907993,146.6009929,11.654436,5,0.42902118987139315,0,0.4126984126984127,0.4126984126984127,30,Alien,Gambusia holbrooki,Gambusia
GamHol,Dry Tropics,Black,117-0006,2022-09-12T00:00:00Z,Backpack Electrofishing,Black River,"Bruce Highway, Black River",-19.2272281,146.629630103,14.629471,6,0.4101310293448068,0,0.3430232558139535,0.3430232558139535,45,Alien,Gambusia holbrooki,Gambusia
GamHol,Dry Tropics,Ross,118-0063,2022-09-13T00:00:00Z,Backpack Electrofishing,Stuart Creek,"Bougainville Street, Roseneath",-19.3677701,146.8449613,12.172958,9,0.7393437158002188,0,0.20430107526881722,0.20430107526881722,7,Alien,Gambusia holbrooki,Gambusia
GamHol,Dry Tropics,Ross,118-9999,2021-06-16T00:00:00Z,Boat Electrofishing,Ross River,"Riverview Park, Annandale",-19.3083,146.7761,16.806707,13,0.7735007220629241,0.003424657534246575,0.007990867579908675,0.01141552511415525,2,Alien,Gambusia holbrooki,Gambusia
GamHol,Dry Tropics,Black,117-0066,2022-09-16T00:00:00Z,Backpack Electrofishing,Deep Creek,"Bruce Highway, Bluewater",-19.19228,146.57301,12.703657,5,0.39358745280984836,0,0.029304029304029304,0.029304029304029304,2,Alien,Gambusia holbrooki,Gambusia
GamHol,Dry Tropics,Black,117-0085,2022-09-14T00:00:00Z,Backpack Electrofishing,Clerk Creek,"Bruce Highway, Mutarnee",-18.980947842,146.333471583,11.603516,4,0.3447230994467539,0,0.2607879924953096,0.2607879924953096,139,Alien,Gambusia holbrooki,Gambusia
GamHol,Dry Tropics,Ross,118-0008,2022-09-15T00:00:00Z,Backpack Electrofishing,Bohle River,"Off S Beck Drive, Rasmussen",-19.347338,146.712697,12.950792,6,0.46329212916090384,0,0.10995850622406639,0.10995850622406639,32,Alien,Gambusia holbrooki,Gambusia
GamHol,Dry Tropics,Ross,118-0039,2022-09-13T00:00:00Z,Backpack Electrofishing,Sachs Creek,"Kavenagh Court, Oak Valley",-19.4066148,146.8166231,11.229382,6,0.5343125739243709,0,0.8148148148148148,0.8148148148148148,86,Alien,Gambusia holbrooki,Gambusia
GamHol,Dry Tropics,Ross,118-0031,2022-09-14T00:00:00Z,Backpack Electrofishing,Bohle River,"Off Laudberg Road, Kelso",-19.390807,146.700757,12.254076,6,0.48963300048081965,0,0.4467005076142132,0.4467005076142132,7,Alien,Gambusia holbrooki,Gambusia
GamHol,Dry Tropics,Ross,118-0107,2022-09-13T00:00:00Z,Backpack Electrofishing,Ross River,"Riverway Drive, Kelso",-19.4066523,146.734806,15.428856,10,0.6481361936361322,0.041666666666666664,0.3333333333333333,0.375,11,Alien,Gambusia holbrooki,Gambusia
GamHol,Dry Tropics,Black,117-0131,2022-09-16T00:00:00Z,Backpack Electrofishing,Log Creek,"Adenaline Paintball, Black River",-19.287011,146.59877,12.636838,5,0.395668600008958,0,0.44495412844036697,0.44495412844036697,69,Alien,Gambusia holbrooki,Gambusia
GamHol,Dry Tropics,Ross,118-0139,2022-09-13T00:00:00Z,Backpack Electrofishing,Antill Plains Creek,"Flinders Highway, Ross River",-19.4348788,146.8551803,12.904691,9,0.6974208061239127,0.024193548387096774,0.11290322580645161,0.13709677419354838,10,Alien,Gambusia holbrooki,Gambusia
GamHol,Dry Tropics,Ross,118-0114,2022-09-14T00:00:00Z,Backpack Electrofishing,Stony Creek,"Geaney Lane, Deeragun",-19.2483848,146.6660557,11.874111,3,0.25265049316113014,0,0.7674418604651163,0.7674418604651163,94,Alien,Gambusia holbrooki,Gambusia
GiuApo,Dry Tropics,Black,117-0029,2022-09-14T00:00:00Z,Backpack Electrofishing,Leichardt Creek,"Setter Road, Bluewater",-19.1371678,146.4820601,11.308842,9,0.7958374517921464,0,0,0,5,Indigenous,Giuris aporocephalus,Snake-head gudgeon
GloApr,Dry Tropics,Ross,118-9999,2021-06-16T00:00:00Z,Boat Electrofishing,Ross River,"Riverview Park, Annandale",-19.3083,146.7761,16.806707,13,0.7735007220629241,0.003424657534246575,0.007990867579908675,0.01141552511415525,29,Indigenous,Glossamia aprion,Mouth almighty
GloApr,Dry Tropics,Ross,118-0139,2022-09-13T00:00:00Z,Backpack Electrofishing,Antill Plains Creek,"Flinders Highway, Ross River",-19.4348788,146.8551803,12.904691,9,0.6974208061239127,0.024193548387096774,0.11290322580645161,0.13709677419354838,8,Indigenous,Glossamia aprion,Mouth almighty
GloApr,Dry Tropics,Ross,118-0232,2022-09-15T00:00:00Z,Backpack Electrofishing,Alligator Creek,"Strachan Road, Alligator Creek",-19.4041689,146.9470566,12.458508,8,0.6421314655013265,0,0,0,11,Indigenous,Glossamia aprion,Mouth almighty
GloApr,Dry Tropics,Ross,118-0107,2022-09-13T00:00:00Z,Backpack Electrofishing,Ross River,"Riverway Drive, Kelso",-19.4066523,146.734806,15.428856,10,0.6481361936361322,0.041666666666666664,0.3333333333333333,0.375,3,Indigenous,Glossamia aprion,Mouth almighty
GloApr,Dry Tropics,Ross,118-9998,2021-06-16T00:00:00Z,Boat Electrofishing,Ross River,"Gollogly Drive, Rasmussen",-19.3395,146.7291,16.274612,15,0.921680959275711,0.0468384074941452,0.00936768149882904,0.05620608899297424,10,Indigenous,Glossamia aprion,Mouth almighty
GloIll,Dry Tropics,Black,117-0006,2022-09-12T00:00:00Z,Backpack Electrofishing,Black River,"Bruce Highway, Black River",-19.2272281,146.629630103,14.629471,6,0.4101310293448068,0,0.3430232558139535,0.3430232558139535,10,Indigenous,Glossogobius illimus,False Celebes goby
GloIll,Dry Tropics,Black,117-0021,2022-09-13T00:00:00Z,Backpack Electrofishing,Crystal Creek,"Spiegelhauer Road, Mutarnee",-18.9728322,146.2760807,11.787072,9,0.7635484028603541,0,0,0,8,Indigenous,Glossogobius illimus,False Celebes goby
GloIll,Dry Tropics,Black,117-0037,2022-09-13T00:00:00Z,Backpack Electrofishing,Crystal Creek,"Daly Road, Mutarnee",-18.9570751,146.2848667,14.832156,10,0.6742108160135317,0,0,0,65,Indigenous,Glossogobius illimus,False Celebes goby
GloIll,Dry Tropics,Black,117-0009,2022-09-14T00:00:00Z,Backpack Electrofishing,Rollingstone Creek,"Bruce Highway, Rollingstone",-19.0494462,146.3960195,11.820486,10,0.8459889043479261,0,0.016853932584269662,0.016853932584269662,5,Indigenous,Glossogobius illimus,False Celebes goby
GloIll,Dry Tropics,Black,117-0066,2022-09-16T00:00:00Z,Backpack Electrofishing,Deep Creek,"Bruce Highway, Bluewater",-19.19228,146.57301,12.703657,5,0.39358745280984836,0,0.029304029304029304,0.029304029304029304,1,Indigenous,Glossogobius illimus,False Celebes goby
GloIll,Dry Tropics,Ross,118-0036,2022-09-15T00:00:00Z,Backpack Electrofishing,Bohle River,"Dalrymple Road, Mount Louisa",-19.290351486,146.710731118,13.449694,9,0.6691602054292091,0,0.04583333333333333,0.04583333333333333,2,Indigenous,Glossogobius illimus,False Celebes goby
HypCom,Dry Tropics,Black,117-0021,2022-09-13T00:00:00Z,Backpack Electrofishing,Crystal Creek,"Spiegelhauer Road, Mutarnee",-18.9728322,146.2760807,11.787072,9,0.7635484028603541,0,0,0,14,Indigenous,Hypseleotris compressa,Empire gudgeon
HypCom,Dry Tropics,Black,117-0019,2022-09-12T00:00:00Z,Backpack Electrofishing,Canal Creek,"Black River Road, Black River",-19.2907993,146.6009929,11.654436,5,0.42902118987139315,0,0.4126984126984127,0.4126984126984127,45,Indigenous,Hypseleotris compressa,Empire gudgeon
HypCom,Dry Tropics,Black,117-0009,2022-09-14T00:00:00Z,Backpack Electrofishing,Rollingstone Creek,"Bruce Highway, Rollingstone",-19.0494462,146.3960195,11.820486,10,0.8459889043479261,0,0.016853932584269662,0.016853932584269662,22,Indigenous,Hypseleotris compressa,Empire gudgeon
HypCom,Dry Tropics,Black,117-0029,2022-09-14T00:00:00Z,Backpack Electrofishing,Leichardt Creek,"Setter Road, Bluewater",-19.1371678,146.4820601,11.308842,9,0.7958374517921464,0,0,0,57,Indigenous,Hypseleotris compressa,Empire gudgeon
HypCom,Dry Tropics,Black,117-0006,2022-09-12T00:00:00Z,Backpack Electrofishing,Black River,"Bruce Highway, Black River",-19.2272281,146.629630103,14.629471,6,0.4101310293448068,0,0.3430232558139535,0.3430232558139535,38,Indigenous,Hypseleotris compressa,Empire gudgeon
HypCom,Dry Tropics,Black,117-0131,2022-09-16T00:00:00Z,Backpack Electrofishing,Log Creek,"Adenaline Paintball, Black River",-19.287011,146.59877,12.636838,5,0.395668600008958,0,0.44495412844036697,0.44495412844036697,88,Indigenous,Hypseleotris compressa,Empire gudgeon
HypCom,Dry Tropics,Black,117-0066,2022-09-16T00:00:00Z,Backpack Electrofishing,Deep Creek,"Bruce Highway, Bluewater",-19.19228,146.57301,12.703657,5,0.39358745280984836,0,0.029304029304029304,0.029304029304029304,112,Indigenous,Hypseleotris compressa,Empire gudgeon
HypCom,Dry Tropics,Black,117-0094,2022-09-16T00:00:00Z,Backpack Electrofishing,Tributary of Palm Tree Creek,"Page Road, Hervey Range",-19.347883,146.485145,8.064235,3,0.3720129683720774,0,0.4067796610169492,0.4067796610169492,4,Indigenous,Hypseleotris compressa,Empire gudgeon
HypCom,Dry Tropics,Ross,118-0036,2022-09-15T00:00:00Z,Backpack Electrofishing,Bohle River,"Dalrymple Road, Mount Louisa",-19.290351486,146.710731118,13.449694,9,0.6691602054292091,0,0.04583333333333333,0.04583333333333333,139,Indigenous,Hypseleotris compressa,Empire gudgeon
HypCom,Dry Tropics,Black,117-0069,2022-09-13T00:00:00Z,Backpack Electrofishing,Nolans Gully,"Intake Road, Paluma Range National Park, Crystal Creek",-18.9835763,146.2364761,6.628424,7,1.0560579709445261,0,0,0,5,Indigenous,Hypseleotris compressa,Empire gudgeon
HypCom,Dry Tropics,Black,117-0085,2022-09-14T00:00:00Z,Backpack Electrofishing,Clerk Creek,"Bruce Highway, Mutarnee",-18.980947842,146.333471583,11.603516,4,0.3447230994467539,0,0.2607879924953096,0.2607879924953096,3,Indigenous,Hypseleotris compressa,Empire gudgeon
HypCom,Dry Tropics,Black,117-0037,2022-09-13T00:00:00Z,Backpack Electrofishing,Crystal Creek,"Daly Road, Mutarnee",-18.9570751,146.2848667,14.832156,10,0.6742108160135317,0,0,0,2,Indigenous,Hypseleotris compressa,Empire gudgeon
HypCom,Dry Tropics,Ross,118-9998,2021-06-16T00:00:00Z,Boat Electrofishing,Ross River,"Gollogly Drive, Rasmussen",-19.3395,146.7291,16.274612,15,0.921680959275711,0.0468384074941452,0.00936768149882904,0.05620608899297424,1,Indigenous,Hypseleotris compressa,Empire gudgeon
HypCom,Dry Tropics,Ross,118-0056,2022-09-12T00:00:00Z,Backpack Electrofishing,Alligator Creek,"Alligator Creek Road, Alligator Creek",-19.3979631,146.9494646,12.530987,6,0.4788130416223399,0,0.023121387283236993,0.023121387283236993,84,Indigenous,Hypseleotris compressa,Empire gudgeon
HypCom,Dry Tropics,Ross,118-0063,2022-09-13T00:00:00Z,Backpack Electrofishing,Stuart Creek,"Bougainville Street, Roseneath",-19.3677701,146.8449613,12.172958,9,0.7393437158002188,0,0.20430107526881722,0.20430107526881722,6,Indigenous,Hypseleotris compressa,Empire gudgeon
HypCom,Dry Tropics,Ross,118-0232,2022-09-15T00:00:00Z,Backpack Electrofishing,Alligator Creek,"Strachan Road, Alligator Creek",-19.4041689,146.9470566,12.458508,8,0.6421314655013265,0,0,0,100,Indigenous,Hypseleotris compressa,Empire gudgeon
HypCom,Dry Tropics,Ross,118-0168,2022-09-12T00:00:00Z,Backpack Electrofishing,Alligator Creek,"Alligator Creek Road, Bowling Green Bay National Park, Mount Elliot",-19.4313303,146.9440282,10.06027,7,0.6958063749780076,0,0.004016064257028112,0.004016064257028112,84,Indigenous,Hypseleotris compressa,Empire gudgeon
HypSp1,Dry Tropics,Ross,118-0031,2022-09-14T00:00:00Z,Backpack Electrofishing,Bohle River,"Off Laudberg Road, Kelso",-19.390807,146.700757,12.254076,6,0.48963300048081965,0,0.4467005076142132,0.4467005076142132,45,Indigenous,Hypseleotris sp.,Northern carp gudgeon (undescribed)
HypSp1,Dry Tropics,Ross,118-0063,2022-09-13T00:00:00Z,Backpack Electrofishing,Stuart Creek,"Bougainville Street, Roseneath",-19.3677701,146.8449613,12.172958,9,0.7393437158002188,0,0.20430107526881722,0.20430107526881722,8,Indigenous,Hypseleotris sp.,Northern carp gudgeon (undescribed)
HypSp1,Dry Tropics,Ross,118-0107,2022-09-13T00:00:00Z,Backpack Electrofishing,Ross River,"Riverway Drive, Kelso",-19.4066523,146.734806,15.428856,10,0.6481361936361322,0.041666666666666664,0.3333333333333333,0.375,5,Indigenous,Hypseleotris sp.,Northern carp gudgeon (undescribed)
HypSp1,Dry Tropics,Ross,118-0139,2022-09-13T00:00:00Z,Backpack Electrofishing,Antill Plains Creek,"Flinders Highway, Ross River",-19.4348788,146.8551803,12.904691,9,0.6974208061239127,0.024193548387096774,0.11290322580645161,0.13709677419354838,11,Indigenous,Hypseleotris sp.,Northern carp gudgeon (undescribed)
HypSp1,Dry Tropics,Ross,118-0008,2022-09-15T00:00:00Z,Backpack Electrofishing,Bohle River,"Off S Beck Drive, Rasmussen",-19.347338,146.712697,12.950792,6,0.46329212916090384,0,0.10995850622406639,0.10995850622406639,192,Indigenous,Hypseleotris sp.,Northern carp gudgeon (undescribed)
HypSp1,Dry Tropics,Ross,118-9999,2021-06-16T00:00:00Z,Boat Electrofishing,Ross River,"Riverview Park, Annandale",-19.3083,146.7761,16.806707,13,0.7735007220629241,0.003424657534246575,0.007990867579908675,0.01141552511415525,24,Indigenous,Hypseleotris sp.,Northern carp gudgeon (undescribed)
HypSp1,Dry Tropics,Ross,118-0168,2022-09-12T00:00:00Z,Backpack Electrofishing,Alligator Creek,"Alligator Creek Road, Bowling Green Bay National Park, Mount Elliot",-19.4313303,146.9440282,10.06027,7,0.6958063749780076,0,0.004016064257028112,0.004016064257028112,4,Indigenous,Hypseleotris sp.,Northern carp gudgeon (undescribed)
HypSp1,Dry Tropics,Ross,118-9998,2021-06-16T00:00:00Z,Boat Electrofishing,Ross River,"Gollogly Drive, Rasmussen",-19.3395,146.7291,16.274612,15,0.921680959275711,0.0468384074941452,0.00936768149882904,0.05620608899297424,12,Indigenous,Hypseleotris sp.,Northern carp gudgeon (undescribed)
KuhRup,Dry Tropics,Black,117-0069,2022-09-13T00:00:00Z,Backpack Electrofishing,Nolans Gully,"Intake Road, Paluma Range National Park, Crystal Creek",-18.9835763,146.2364761,6.628424,7,1.0560579709445261,0,0,0,2,Indigenous,Kuhlia rupestris,Jungle perch
KuhRup,Dry Tropics,Black,117-0021,2022-09-13T00:00:00Z,Backpack Electrofishing,Crystal Creek,"Spiegelhauer Road, Mutarnee",-18.9728322,146.2760807,11.787072,9,0.7635484028603541,0,0,0,3,Indigenous,Kuhlia rupestris,Jungle perch
KuhRup,Dry Tropics,Black,117-0029,2022-09-14T00:00:00Z,Backpack Electrofishing,Leichardt Creek,"Setter Road, Bluewater",-19.1371678,146.4820601,11.308842,9,0.7958374517921464,0,0,0,1,Indigenous,Kuhlia rupestris,Jungle perch
KuhRup,Dry Tropics,Black,117-0041,2022-09-14T00:00:00Z,Backpack Electrofishing,Bullocky Toms Creek,"Volk Road, Mutarnee",-18.9591618,146.2615233,10.006556,6,0.5996068977178561,0,0.038834951456310676,0.038834951456310676,2,Indigenous,Kuhlia rupestris,Jungle perch
KuhRup,Dry Tropics,Black,117-0037,2022-09-13T00:00:00Z,Backpack Electrofishing,Crystal Creek,"Daly Road, Mutarnee",-18.9570751,146.2848667,14.832156,10,0.6742108160135317,0,0,0,2,Indigenous,Kuhlia rupestris,Jungle perch
KuhRup,Dry Tropics,Ross,118-0036,2022-09-15T00:00:00Z,Backpack Electrofishing,Bohle River,"Dalrymple Road, Mount Louisa",-19.290351486,146.710731118,13.449694,9,0.6691602054292091,0,0.04583333333333333,0.04583333333333333,1,Indigenous,Kuhlia rupestris,Jungle perch
LatCal,Dry Tropics,Black,117-0037,2022-09-13T00:00:00Z,Backpack Electrofishing,Crystal Creek,"Daly Road, Mutarnee",-18.9570751,146.2848667,14.832156,10,0.6742108160135317,0,0,0,1,Indigenous,Lates calcarifer,Barramundi
LatCal,Dry Tropics,Ross,118-9998,2021-06-16T00:00:00Z,Boat Electrofishing,Ross River,"Gollogly Drive, Rasmussen",-19.3395,146.7291,16.274612,15,0.921680959275711,0.0468384074941452,0.00936768149882904,0.05620608899297424,3,Indigenous,Lates calcarifer,Barramundi
LatCal,Dry Tropics,Ross,118-9999,2021-06-16T00:00:00Z,Boat Electrofishing,Ross River,"Riverview Park, Annandale",-19.3083,146.7761,16.806707,13,0.7735007220629241,0.003424657534246575,0.007990867579908675,0.01141552511415525,1,Indigenous,Lates calcarifer,Barramundi
LeiUni,Dry Tropics,Black,117-0066,2022-09-16T00:00:00Z,Backpack Electrofishing,Deep Creek,"Bruce Highway, Bluewater",-19.19228,146.57301,12.703657,5,0.39358745280984836,0,0.029304029304029304,0.029304029304029304,3,Indigenous,Leiopotherapon unicolor,Spangled perch
LeiUni,Dry Tropics,Ross,118-0023,2022-09-14T00:00:00Z,Backpack Electrofishing,Little Bohle River,"Granitevale Road, Alice River",-19.354728,146.611096,10.137154,6,0.5918821002423362,0,0.09310344827586207,0.09310344827586207,51,Indigenous,Leiopotherapon unicolor,Spangled perch
LeiUni,Dry Tropics,Black,117-0006,2022-09-12T00:00:00Z,Backpack Electrofishing,Black River,"Bruce Highway, Black River",-19.2272281,146.629630103,14.629471,6,0.4101310293448068,0,0.3430232558139535,0.3430232558139535,19,Indigenous,Leiopotherapon unicolor,Spangled perch
LeiUni,Dry Tropics,Ross,118-0036,2022-09-15T00:00:00Z,Backpack Electrofishing,Bohle River,"Dalrymple Road, Mount Louisa",-19.290351486,146.710731118,13.449694,9,0.6691602054292091,0,0.04583333333333333,0.04583333333333333,5,Indigenous,Leiopotherapon unicolor,Spangled perch
LeiUni,Dry Tropics,Ross,118-0008,2022-09-15T00:00:00Z,Backpack Electrofishing,Bohle River,"Off S Beck Drive, Rasmussen",-19.347338,146.712697,12.950792,6,0.46329212916090384,0,0.10995850622406639,0.10995850622406639,1,Indigenous,Leiopotherapon unicolor,Spangled perch
LeiUni,Dry Tropics,Black,117-0131,2022-09-16T00:00:00Z,Backpack Electrofishing,Log Creek,"Adenaline Paintball, Black River",-19.287011,146.59877,12.636838,5,0.395668600008958,0,0.44495412844036697,0.44495412844036697,4,Indigenous,Leiopotherapon unicolor,Spangled perch
LeiUni,Dry Tropics,Ross,118-0031,2022-09-14T00:00:00Z,Backpack Electrofishing,Bohle River,"Off Laudberg Road, Kelso",-19.390807,146.700757,12.254076,6,0.48963300048081965,0,0.4467005076142132,0.4467005076142132,4,Indigenous,Leiopotherapon unicolor,Spangled perch
LeiUni,Dry Tropics,Ross,118-0114,2022-09-14T00:00:00Z,Backpack Electrofishing,Stony Creek,"Geaney Lane, Deeragun",-19.2483848,146.6660557,11.874111,3,0.25265049316113014,0,0.7674418604651163,0.7674418604651163,14,Indigenous,Leiopotherapon unicolor,Spangled perch
LeiUni,Dry Tropics,Black,117-0019,2022-09-12T00:00:00Z,Backpack Electrofishing,Canal Creek,"Black River Road, Black River",-19.2907993,146.6009929,11.654436,5,0.42902118987139315,0,0.4126984126984127,0.4126984126984127,14,Indigenous,Leiopotherapon unicolor,Spangled perch
LeiUni,Dry Tropics,Ross,118-0063,2022-09-13T00:00:00Z,Backpack Electrofishing,Stuart Creek,"Bougainville Street, Roseneath",-19.3677701,146.8449613,12.172958,9,0.7393437158002188,0,0.20430107526881722,0.20430107526881722,52,Indigenous,Leiopotherapon unicolor,Spangled perch
LeiUni,Dry Tropics,Ross,118-9998,2021-06-16T00:00:00Z,Boat Electrofishing,Ross River,"Gollogly Drive, Rasmussen",-19.3395,146.7291,16.274612,15,0.921680959275711,0.0468384074941452,0.00936768149882904,0.05620608899297424,2,Indigenous,Leiopotherapon unicolor,Spangled perch
LeiUni,Dry Tropics,Ross,118-0107,2022-09-13T00:00:00Z,Backpack Electrofishing,Ross River,"Riverway Drive, Kelso",-19.4066523,146.734806,15.428856,10,0.6481361936361322,0.041666666666666664,0.3333333333333333,0.375,2,Indigenous,Leiopotherapon unicolor,Spangled perch
LeiUni,Dry Tropics,Ross,118-0056,2022-09-12T00:00:00Z,Backpack Electrofishing,Alligator Creek,"Alligator Creek Road, Alligator Creek",-19.3979631,146.9494646,12.530987,6,0.4788130416223399,0,0.023121387283236993,0.023121387283236993,5,Indigenous,Leiopotherapon unicolor,Spangled perch
LeiUni,Dry Tropics,Ross,118-0168,2022-09-12T00:00:00Z,Backpack Electrofishing,Alligator Creek,"Alligator Creek Road, Bowling Green Bay National Park, Mount Elliot",-19.4313303,146.9440282,10.06027,7,0.6958063749780076,0,0.004016064257028112,0.004016064257028112,27,Indigenous,Leiopotherapon unicolor,Spangled perch
LeiUni,Dry Tropics,Ross,118-0139,2022-09-13T00:00:00Z,Backpack Electrofishing,Antill Plains Creek,"Flinders Highway, Ross River",-19.4348788,146.8551803,12.904691,9,0.6974208061239127,0.024193548387096774,0.11290322580645161,0.13709677419354838,13,Indigenous,Leiopotherapon unicolor,Spangled perch
LeiUni,Dry Tropics,Ross,118-0232,2022-09-15T00:00:00Z,Backpack Electrofishing,Alligator Creek,"Strachan Road, Alligator Creek",-19.4041689,146.9470566,12.458508,8,0.6421314655013265,0,0,0,10,Indigenous,Leiopotherapon unicolor,Spangled perch
LutArg,Dry Tropics,Black,117-0029,2022-09-14T00:00:00Z,Backpack Electrofishing,Leichardt Creek,"Setter Road, Bluewater",-19.1371678,146.4820601,11.308842,9,0.7958374517921464,0,0,0,1,Indigenous,Lutjanus argentimaculatus,Mangrove jack
LutArg,Dry Tropics,Black,117-0037,2022-09-13T00:00:00Z,Backpack Electrofishing,Crystal Creek,"Daly Road, Mutarnee",-18.9570751,146.2848667,14.832156,10,0.6742108160135317,0,0,0,1,Indigenous,Lutjanus argentimaculatus,Mangrove jack
LutArg,Dry Tropics,Ross,118-0036,2022-09-15T00:00:00Z,Backpack Electrofishing,Bohle River,"Dalrymple Road, Mount Louisa",-19.290351486,146.710731118,13.449694,9,0.6691602054292091,0,0.04583333333333333,0.04583333333333333,1,Indigenous,Lutjanus argentimaculatus,Mangrove jack
MelSpl,Dry Tropics,Black,117-0009,2022-09-14T00:00:00Z,Backpack Electrofishing,Rollingstone Creek,"Bruce Highway, Rollingstone",-19.0494462,146.3960195,11.820486,10,0.8459889043479261,0,0.016853932584269662,0.016853932584269662,81,Indigenous,Melanotaenia splendida,Eastern rainbowfish
MelSpl,Dry Tropics,Black,117-0006,2022-09-12T00:00:00Z,Backpack Electrofishing,Black River,"Bruce Highway, Black River",-19.2272281,146.629630103,14.629471,6,0.4101310293448068,0,0.3430232558139535,0.3430232558139535,2,Indigenous,Melanotaenia splendida,Eastern rainbowfish
MelSpl,Dry Tropics,Black,117-0021,2022-09-13T00:00:00Z,Backpack Electrofishing,Crystal Creek,"Spiegelhauer Road, Mutarnee",-18.9728322,146.2760807,11.787072,9,0.7635484028603541,0,0,0,9,Indigenous,Melanotaenia splendida,Eastern rainbowfish
MelSpl,Dry Tropics,Black,117-0066,2022-09-16T00:00:00Z,Backpack Electrofishing,Deep Creek,"Bruce Highway, Bluewater",-19.19228,146.57301,12.703657,5,0.39358745280984836,0,0.029304029304029304,0.029304029304029304,103,Indigenous,Melanotaenia splendida,Eastern rainbowfish
MelSpl,Dry Tropics,Black,117-0001,2022-09-12T00:00:00Z,Backpack Electrofishing,Pine Creek,"Forestry Road, Paluma Range National Park, Lynam",-19.2403357,146.4477106,8.567557,3,0.35015816060517596,0,0.005405405405405406,0.005405405405405406,118,Indigenous,Melanotaenia splendida,Eastern rainbowfish
MelSpl,Dry Tropics,Black,117-0094,2022-09-16T00:00:00Z,Backpack Electrofishing,Tributary of Palm Tree Creek,"Page Road, Hervey Range",-19.347883,146.485145,8.064235,3,0.3720129683720774,0,0.4067796610169492,0.4067796610169492,2,Indigenous,Melanotaenia splendida,Eastern rainbowfish
MelSpl,Dry Tropics,Black,117-0029,2022-09-14T00:00:00Z,Backpack Electrofishing,Leichardt Creek,"Setter Road, Bluewater",-19.1371678,146.4820601,11.308842,9,0.7958374517921464,0,0,0,35,Indigenous,Melanotaenia splendida,Eastern rainbowfish
MelSpl,Dry Tropics,Ross,118-0023,2022-09-14T00:00:00Z,Backpack Electrofishing,Little Bohle River,"Granitevale Road, Alice River",-19.354728,146.611096,10.137154,6,0.5918821002423362,0,0.09310344827586207,0.09310344827586207,158,Indigenous,Melanotaenia splendida,Eastern rainbowfish
MelSpl,Dry Tropics,Black,117-0085,2022-09-14T00:00:00Z,Backpack Electrofishing,Clerk Creek,"Bruce Highway, Mutarnee",-18.980947842,146.333471583,11.603516,4,0.3447230994467539,0,0.2607879924953096,0.2607879924953096,334,Indigenous,Melanotaenia splendida,Eastern rainbowfish
MelSpl,Dry Tropics,Black,117-0037,2022-09-13T00:00:00Z,Backpack Electrofishing,Crystal Creek,"Daly Road, Mutarnee",-18.9570751,146.2848667,14.832156,10,0.6742108160135317,0,0,0,9,Indigenous,Melanotaenia splendida,Eastern rainbowfish
MelSpl,Dry Tropics,Ross,118-0008,2022-09-15T00:00:00Z,Backpack Electrofishing,Bohle River,"Off S Beck Drive, Rasmussen",-19.347338,146.712697,12.950792,6,0.46329212916090384,0,0.10995850622406639,0.10995850622406639,35,Indigenous,Melanotaenia splendida,Eastern rainbowfish
MelSpl,Dry Tropics,Black,117-0041,2022-09-14T00:00:00Z,Backpack Electrofishing,Bullocky Toms Creek,"Volk Road, Mutarnee",-18.9591618,146.2615233,10.006556,6,0.5996068977178561,0,0.038834951456310676,0.038834951456310676,24,Indigenous,Melanotaenia splendida,Eastern rainbowfish
MelSpl,Dry Tropics,Ross,118-0168,2022-09-12T00:00:00Z,Backpack Electrofishing,Alligator Creek,"Alligator Creek Road, Bowling Green Bay National Park, Mount Elliot",-19.4313303,146.9440282,10.06027,7,0.6958063749780076,0,0.004016064257028112,0.004016064257028112,94,Indigenous,Melanotaenia splendida,Eastern rainbowfish
MelSpl,Dry Tropics,Ross,118-0039,2022-09-13T00:00:00Z,Backpack Electrofishing,Sachs Creek,"Kavenagh Court, Oak Valley",-19.4066148,146.8166231,11.229382,6,0.5343125739243709,0,0.8148148148148148,0.8148148148148148,4,Indigenous,Melanotaenia splendida,Eastern rainbowfish
MelSpl,Dry Tropics,Ross,118-9999,2021-06-16T00:00:00Z,Boat Electrofishing,Ross River,"Riverview Park, Annandale",-19.3083,146.7761,16.806707,13,0.7735007220629241,0.003424657534246575,0.007990867579908675,0.01141552511415525,79,Indigenous,Melanotaenia splendida,Eastern rainbowfish
MelSpl,Dry Tropics,Ross,118-0107,2022-09-13T00:00:00Z,Backpack Electrofishing,Ross River,"Riverway Drive, Kelso",-19.4066523,146.734806,15.428856,10,0.6481361936361322,0.041666666666666664,0.3333333333333333,0.375,42,Indigenous,Melanotaenia splendida,Eastern rainbowfish
MelSpl,Dry Tropics,Black,117-0019,2022-09-12T00:00:00Z,Backpack Electrofishing,Canal Creek,"Black River Road, Black River",-19.2907993,146.6009929,11.654436,5,0.42902118987139315,0,0.4126984126984127,0.4126984126984127,3,Indigenous,Melanotaenia splendida,Eastern rainbowfish
MelSpl,Dry Tropics,Black,117-0131,2022-09-16T00:00:00Z,Backpack Electrofishing,Log Creek,"Adenaline Paintball, Black River",-19.287011,146.59877,12.636838,5,0.395668600008958,0,0.44495412844036697,0.44495412844036697,18,Indigenous,Melanotaenia splendida,Eastern rainbowfish
MelSpl,Dry Tropics,Ross,118-0063,2022-09-13T00:00:00Z,Backpack Electrofishing,Stuart Creek,"Bougainville Street, Roseneath",-19.3677701,146.8449613,12.172958,9,0.7393437158002188,0,0.20430107526881722,0.20430107526881722,19,Indigenous,Melanotaenia splendida,Eastern rainbowfish
MelSpl,Dry Tropics,Ross,118-0031,2022-09-14T00:00:00Z,Backpack Electrofishing,Bohle River,"Off Laudberg Road, Kelso",-19.390807,146.700757,12.254076,6,0.48963300048081965,0,0.4467005076142132,0.4467005076142132,19,Indigenous,Melanotaenia splendida,Eastern rainbowfish
MelSpl,Dry Tropics,Ross,118-0036,2022-09-15T00:00:00Z,Backpack Electrofishing,Bohle River,"Dalrymple Road, Mount Louisa",-19.290351486,146.710731118,13.449694,9,0.6691602054292091,0,0.04583333333333333,0.04583333333333333,47,Indigenous,Melanotaenia splendida,Eastern rainbowfish
MelSpl,Dry Tropics,Ross,118-9998,2021-06-16T00:00:00Z,Boat Electrofishing,Ross River,"Gollogly Drive, Rasmussen",-19.3395,146.7291,16.274612,15,0.921680959275711,0.0468384074941452,0.00936768149882904,0.05620608899297424,30,Indigenous,Melanotaenia splendida,Eastern rainbowfish
MelSpl,Dry Tropics,Ross,118-0114,2022-09-14T00:00:00Z,Backpack Electrofishing,Stony Creek,"Geaney Lane, Deeragun",-19.2483848,146.6660557,11.874111,3,0.25265049316113014,0,0.7674418604651163,0.7674418604651163,15,Indigenous,Melanotaenia splendida,Eastern rainbowfish
MelSpl,Dry Tropics,Black,117-0069,2022-09-13T00:00:00Z,Backpack Electrofishing,Nolans Gully,"Intake Road, Paluma Range National Park, Crystal Creek",-18.9835763,146.2364761,6.628424,7,1.0560579709445261,0,0,0,60,Indigenous,Melanotaenia splendida,Eastern rainbowfish
MelSpl,Dry Tropics,Ross,118-0056,2022-09-12T00:00:00Z,Backpack Electrofishing,Alligator Creek,"Alligator Creek Road, Alligator Creek",-19.3979631,146.9494646,12.530987,6,0.4788130416223399,0,0.023121387283236993,0.023121387283236993,63,Indigenous,Melanotaenia splendida,Eastern rainbowfish
MelSpl,Dry Tropics,Ross,118-0139,2022-09-13T00:00:00Z,Backpack Electrofishing,Antill Plains Creek,"Flinders Highway, Ross River",-19.4348788,146.8551803,12.904691,9,0.6974208061239127,0.024193548387096774,0.11290322580645161,0.13709677419354838,74,Indigenous,Melanotaenia splendida,Eastern rainbowfish
MelSpl,Dry Tropics,Ross,118-0232,2022-09-15T00:00:00Z,Backpack Electrofishing,Alligator Creek,"Strachan Road, Alligator Creek",-19.4041689,146.9470566,12.458508,8,0.6421314655013265,0,0,0,70,Indigenous,Melanotaenia splendida,Eastern rainbowfish
MogAds,Dry Tropics,Black,117-0021,2022-09-13T00:00:00Z,Backpack Electrofishing,Crystal Creek,"Spiegelhauer Road, Mutarnee",-18.9728322,146.2760807,11.787072,9,0.7635484028603541,0,0,0,2,Indigenous,Mogurnda adspersa,Southern purple-spotted gudgeon
MogAds,Dry Tropics,Black,117-0094,2022-09-16T00:00:00Z,Backpack Electrofishing,Tributary of Palm Tree Creek,"Page Road, Hervey Range",-19.347883,146.485145,8.064235,3,0.3720129683720774,0,0.4067796610169492,0.4067796610169492,29,Indigenous,Mogurnda adspersa,Southern purple-spotted gudgeon
MogAds,Dry Tropics,Ross,118-0023,2022-09-14T00:00:00Z,Backpack Electrofishing,Little Bohle River,"Granitevale Road, Alice River",-19.354728,146.611096,10.137154,6,0.5918821002423362,0,0.09310344827586207,0.09310344827586207,6,Indigenous,Mogurnda adspersa,Southern purple-spotted gudgeon
MogAds,Dry Tropics,Black,117-0001,2022-09-12T00:00:00Z,Backpack Electrofishing,Pine Creek,"Forestry Road, Paluma Range National Park, Lynam",-19.2403357,146.4477106,8.567557,3,0.35015816060517596,0,0.005405405405405406,0.005405405405405406,63,Indigenous,Mogurnda adspersa,Southern purple-spotted gudgeon
MogAds,Dry Tropics,Black,117-0029,2022-09-14T00:00:00Z,Backpack Electrofishing,Leichardt Creek,"Setter Road, Bluewater",-19.1371678,146.4820601,11.308842,9,0.7958374517921464,0,0,0,2,Indigenous,Mogurnda adspersa,Southern purple-spotted gudgeon
MogAds,Dry Tropics,Black,117-0041,2022-09-14T00:00:00Z,Backpack Electrofishing,Bullocky Toms Creek,"Volk Road, Mutarnee",-18.9591618,146.2615233,10.006556,6,0.5996068977178561,0,0.038834951456310676,0.038834951456310676,23,Indigenous,Mogurnda adspersa,Southern purple-spotted gudgeon
MogAds,Dry Tropics,Black,117-0085,2022-09-14T00:00:00Z,Backpack Electrofishing,Clerk Creek,"Bruce Highway, Mutarnee",-18.980947842,146.333471583,11.603516,4,0.3447230994467539,0,0.2607879924953096,0.2607879924953096,55,Indigenous,Mogurnda adspersa,Southern purple-spotted gudgeon
MogAds,Dry Tropics,Black,117-0009,2022-09-14T00:00:00Z,Backpack Electrofishing,Rollingstone Creek,"Bruce Highway, Rollingstone",-19.0494462,146.3960195,11.820486,10,0.8459889043479261,0,0.016853932584269662,0.016853932584269662,30,Indigenous,Mogurnda adspersa,Southern purple-spotted gudgeon
MogAds,Dry Tropics,Black,117-0069,2022-09-13T00:00:00Z,Backpack Electrofishing,Nolans Gully,"Intake Road, Paluma Range National Park, Crystal Creek",-18.9835763,146.2364761,6.628424,7,1.0560579709445261,0,0,0,29,Indigenous,Mogurnda adspersa,Southern purple-spotted gudgeon
MogAds,Dry Tropics,Ross,118-0107,2022-09-13T00:00:00Z,Backpack Electrofishing,Ross River,"Riverway Drive, Kelso",-19.4066523,146.734806,15.428856,10,0.6481361936361322,0.041666666666666664,0.3333333333333333,0.375,1,Indigenous,Mogurnda adspersa,Southern purple-spotted gudgeon
MogAds,Dry Tropics,Black,117-0131,2022-09-16T00:00:00Z,Backpack Electrofishing,Log Creek,"Adenaline Paintball, Black River",-19.287011,146.59877,12.636838,5,0.395668600008958,0,0.44495412844036697,0.44495412844036697,7,Indigenous,Mogurnda adspersa,Southern purple-spotted gudgeon
MogAds,Dry Tropics,Ross,118-0063,2022-09-13T00:00:00Z,Backpack Electrofishing,Stuart Creek,"Bougainville Street, Roseneath",-19.3677701,146.8449613,12.172958,9,0.7393437158002188,0,0.20430107526881722,0.20430107526881722,6,Indigenous,Mogurnda adspersa,Southern purple-spotted gudgeon
MogAds,Dry Tropics,Ross,118-0139,2022-09-13T00:00:00Z,Backpack Electrofishing,Antill Plains Creek,"Flinders Highway, Ross River",-19.4348788,146.8551803,12.904691,9,0.6974208061239127,0.024193548387096774,0.11290322580645161,0.13709677419354838,8,Indigenous,Mogurnda adspersa,Southern purple-spotted gudgeon
MogAds,Dry Tropics,Ross,118-0232,2022-09-15T00:00:00Z,Backpack Electrofishing,Alligator Creek,"Strachan Road, Alligator Creek",-19.4041689,146.9470566,12.458508,8,0.6421314655013265,0,0,0,2,Indigenous,Mogurnda adspersa,Southern purple-spotted gudgeon
MogAds,Dry Tropics,Ross,118-0168,2022-09-12T00:00:00Z,Backpack Electrofishing,Alligator Creek,"Alligator Creek Road, Bowling Green Bay National Park, Mount Elliot",-19.4313303,146.9440282,10.06027,7,0.6958063749780076,0,0.004016064257028112,0.004016064257028112,9,Indigenous,Mogurnda adspersa,Southern purple-spotted gudgeon
MugCep,Dry Tropics,Black,117-0006,2022-09-12T00:00:00Z,Backpack Electrofishing,Black River,"Bruce Highway, Black River",-19.2272281,146.629630103,14.629471,6,0.4101310293448068,0,0.3430232558139535,0.3430232558139535,12,Indigenous,Mugil cephalus,Sea mullet
NemEre,Dry Tropics,Ross,118-9999,2021-06-16T00:00:00Z,Boat Electrofishing,Ross River,"Riverview Park, Annandale",-19.3083,146.7761,16.806707,13,0.7735007220629241,0.003424657534246575,0.007990867579908675,0.01141552511415525,30,Indigenous,Nematalosa erebi,Bony bream
NemEre,Dry Tropics,Ross,118-9998,2021-06-16T00:00:00Z,Boat Electrofishing,Ross River,"Gollogly Drive, Rasmussen",-19.3395,146.7291,16.274612,15,0.921680959275711,0.0468384074941452,0.00936768149882904,0.05620608899297424,22,Indigenous,Nematalosa erebi,Bony bream
NemEre,Dry Tropics,Ross,118-0008,2022-09-15T00:00:00Z,Backpack Electrofishing,Bohle River,"Off S Beck Drive, Rasmussen",-19.347338,146.712697,12.950792,6,0.46329212916090384,0,0.10995850622406639,0.10995850622406639,1,Indigenous,Nematalosa erebi,Bony bream
NemEre,Dry Tropics,Ross,118-0139,2022-09-13T00:00:00Z,Backpack Electrofishing,Antill Plains Creek,"Flinders Highway, Ross River",-19.4348788,146.8551803,12.904691,9,0.6974208061239127,0.024193548387096774,0.11290322580645161,0.13709677419354838,22,Indigenous,Nematalosa erebi,Bony bream
NeoAte,Dry Tropics,Black,117-0009,2022-09-14T00:00:00Z,Backpack Electrofishing,Rollingstone Creek,"Bruce Highway, Rollingstone",-19.0494462,146.3960195,11.820486,10,0.8459889043479261,0,0.016853932584269662,0.016853932584269662,1,Indigenous,Neosilurus ater,Butter jew
NeoAte,Dry Tropics,Ross,118-0023,2022-09-14T00:00:00Z,Backpack Electrofishing,Little Bohle River,"Granitevale Road, Alice River",-19.354728,146.611096,10.137154,6,0.5918821002423362,0,0.09310344827586207,0.09310344827586207,1,Indigenous,Neosilurus ater,Butter jew
NeoAte,Dry Tropics,Ross,118-0039,2022-09-13T00:00:00Z,Backpack Electrofishing,Sachs Creek,"Kavenagh Court, Oak Valley",-19.4066148,146.8166231,11.229382,6,0.5343125739243709,0,0.8148148148148148,0.8148148148148148,3,Indigenous,Neosilurus ater,Butter jew
NeoHyr,Dry Tropics,Black,117-0001,2022-09-12T00:00:00Z,Backpack Electrofishing,Pine Creek,"Forestry Road, Paluma Range National Park, Lynam",-19.2403357,146.4477106,8.567557,3,0.35015816060517596,0,0.005405405405405406,0.005405405405405406,3,Indigenous,Neosilurus hyrtlii,Hyrtl's tandan
NeoHyr,Dry Tropics,Ross,118-0031,2022-09-14T00:00:00Z,Backpack Electrofishing,Bohle River,"Off Laudberg Road, Kelso",-19.390807,146.700757,12.254076,6,0.48963300048081965,0,0.4467005076142132,0.4467005076142132,1,Indigenous,Neosilurus hyrtlii,Hyrtl's tandan
NeoHyr,Dry Tropics,Ross,118-0039,2022-09-13T00:00:00Z,Backpack Electrofishing,Sachs Creek,"Kavenagh Court, Oak Valley",-19.4066148,146.8166231,11.229382,6,0.5343125739243709,0,0.8148148148148148,0.8148148148148148,1,Indigenous,Neosilurus hyrtlii,Hyrtl's tandan
NeoHyr,Dry Tropics,Ross,118-0023,2022-09-14T00:00:00Z,Backpack Electrofishing,Little Bohle River,"Granitevale Road, Alice River",-19.354728,146.611096,10.137154,6,0.5918821002423362,0,0.09310344827586207,0.09310344827586207,1,Indigenous,Neosilurus hyrtlii,Hyrtl's tandan
NeoHyr,Dry Tropics,Ross,118-0139,2022-09-13T00:00:00Z,Backpack Electrofishing,Antill Plains Creek,"Flinders Highway, Ross River",-19.4348788,146.8551803,12.904691,9,0.6974208061239127,0.024193548387096774,0.11290322580645161,0.13709677419354838,9,Indigenous,Neosilurus hyrtlii,Hyrtl's tandan
OphSp1,Dry Tropics,Black,117-0009,2022-09-14T00:00:00Z,Backpack Electrofishing,Rollingstone Creek,"Bruce Highway, Rollingstone",-19.0494462,146.3960195,11.820486,10,0.8459889043479261,0,0.016853932584269662,0.016853932584269662,3,Indigenous,Ophisternon sp.,Swamp eel
OphSp1,Dry Tropics,Ross,118-0107,2022-09-13T00:00:00Z,Backpack Electrofishing,Ross River,"Riverway Drive, Kelso",-19.4066523,146.734806,15.428856,10,0.6481361936361322,0.041666666666666664,0.3333333333333333,0.375,4,Indigenous,Ophisternon sp.,Swamp eel
OphSp1,Dry Tropics,Black,117-0069,2022-09-13T00:00:00Z,Backpack Electrofishing,Nolans Gully,"Intake Road, Paluma Range National Park, Crystal Creek",-18.9835763,146.2364761,6.628424,7,1.0560579709445261,0,0,0,1,Indigenous,Ophisternon sp.,Swamp eel
OphSp1,Dry Tropics,Ross,118-9999,2021-06-16T00:00:00Z,Boat Electrofishing,Ross River,"Riverview Park, Annandale",-19.3083,146.7761,16.806707,13,0.7735007220629241,0.003424657534246575,0.007990867579908675,0.01141552511415525,1,Indigenous,Ophisternon sp.,Swamp eel
OreMos,Dry Tropics,Ross,118-0063,2022-09-13T00:00:00Z,Backpack Electrofishing,Stuart Creek,"Bougainville Street, Roseneath",-19.3677701,146.8449613,12.172958,9,0.7393437158002188,0,0.20430107526881722,0.20430107526881722,31,Alien,Oreochromis mossambicus,Mozambique tilapia
OreMos,Dry Tropics,Black,117-0006,2022-09-12T00:00:00Z,Backpack Electrofishing,Black River,"Bruce Highway, Black River",-19.2272281,146.629630103,14.629471,6,0.4101310293448068,0,0.3430232558139535,0.3430232558139535,14,Alien,Oreochromis mossambicus,Mozambique tilapia
OreMos,Dry Tropics,Black,117-0009,2022-09-14T00:00:00Z,Backpack Electrofishing,Rollingstone Creek,"Bruce Highway, Rollingstone",-19.0494462,146.3960195,11.820486,10,0.8459889043479261,0,0.016853932584269662,0.016853932584269662,3,Alien,Oreochromis mossambicus,Mozambique tilapia
OreMos,Dry Tropics,Ross,118-0114,2022-09-14T00:00:00Z,Backpack Electrofishing,Stony Creek,"Geaney Lane, Deeragun",-19.2483848,146.6660557,11.874111,3,0.25265049316113014,0,0.7674418604651163,0.7674418604651163,8,Alien,Oreochromis mossambicus,Mozambique tilapia
OreMos,Dry Tropics,Ross,118-0107,2022-09-13T00:00:00Z,Backpack Electrofishing,Ross River,"Riverway Drive, Kelso",-19.4066523,146.734806,15.428856,10,0.6481361936361322,0.041666666666666664,0.3333333333333333,0.375,4,Alien,Oreochromis mossambicus,Mozambique tilapia
OreMos,Dry Tropics,Black,117-0019,2022-09-12T00:00:00Z,Backpack Electrofishing,Canal Creek,"Black River Road, Black River",-19.2907993,146.6009929,11.654436,5,0.42902118987139315,0,0.4126984126984127,0.4126984126984127,21,Alien,Oreochromis mossambicus,Mozambique tilapia
OreMos,Dry Tropics,Ross,118-9998,2021-06-16T00:00:00Z,Boat Electrofishing,Ross River,"Gollogly Drive, Rasmussen",-19.3395,146.7291,16.274612,15,0.921680959275711,0.0468384074941452,0.00936768149882904,0.05620608899297424,3,Alien,Oreochromis mossambicus,Mozambique tilapia
OreMos,Dry Tropics,Ross,118-0008,2022-09-15T00:00:00Z,Backpack Electrofishing,Bohle River,"Off S Beck Drive, Rasmussen",-19.347338,146.712697,12.950792,6,0.46329212916090384,0,0.10995850622406639,0.10995850622406639,19,Alien,Oreochromis mossambicus,Mozambique tilapia
OreMos,Dry Tropics,Ross,118-0139,2022-09-13T00:00:00Z,Backpack Electrofishing,Antill Plains Creek,"Flinders Highway, Ross River",-19.4348788,146.8551803,12.904691,9,0.6974208061239127,0.024193548387096774,0.11290322580645161,0.13709677419354838,18,Alien,Oreochromis mossambicus,Mozambique tilapia
OreMos,Dry Tropics,Ross,118-0023,2022-09-14T00:00:00Z,Backpack Electrofishing,Little Bohle River,"Granitevale Road, Alice River",-19.354728,146.611096,10.137154,6,0.5918821002423362,0,0.09310344827586207,0.09310344827586207,26,Alien,Oreochromis mossambicus,Mozambique tilapia
OreMos,Dry Tropics,Black,117-0001,2022-09-12T00:00:00Z,Backpack Electrofishing,Pine Creek,"Forestry Road, Paluma Range National Park, Lynam",-19.2403357,146.4477106,8.567557,3,0.35015816060517596,0,0.005405405405405406,0.005405405405405406,1,Alien,Oreochromis mossambicus,Mozambique tilapia
OreMos,Dry Tropics,Ross,118-0031,2022-09-14T00:00:00Z,Backpack Electrofishing,Bohle River,"Off Laudberg Road, Kelso",-19.390807,146.700757,12.254076,6,0.48963300048081965,0,0.4467005076142132,0.4467005076142132,81,Alien,Oreochromis mossambicus,Mozambique tilapia
OreMos,Dry Tropics,Ross,118-0036,2022-09-15T00:00:00Z,Backpack Electrofishing,Bohle River,"Dalrymple Road, Mount Louisa",-19.290351486,146.710731118,13.449694,9,0.6691602054292091,0,0.04583333333333333,0.04583333333333333,11,Alien,Oreochromis mossambicus,Mozambique tilapia
OreMos,Dry Tropics,Black,117-0066,2022-09-16T00:00:00Z,Backpack Electrofishing,Deep Creek,"Bruce Highway, Bluewater",-19.19228,146.57301,12.703657,5,0.39358745280984836,0,0.029304029304029304,0.029304029304029304,6,Alien,Oreochromis mossambicus,Mozambique tilapia
OreMos,Dry Tropics,Black,117-0131,2022-09-16T00:00:00Z,Backpack Electrofishing,Log Creek,"Adenaline Paintball, Black River",-19.287011,146.59877,12.636838,5,0.395668600008958,0,0.44495412844036697,0.44495412844036697,21,Alien,Oreochromis mossambicus,Mozambique tilapia
OxyLin,Dry Tropics,Ross,118-9998,2021-06-16T00:00:00Z,Boat Electrofishing,Ross River,"Gollogly Drive, Rasmussen",-19.3395,146.7291,16.274612,15,0.921680959275711,0.0468384074941452,0.00936768149882904,0.05620608899297424,20,Translocated,Oxyeleotris lineolata,Sleepy cod
OxyLin,Dry Tropics,Ross,118-9999,2021-06-16T00:00:00Z,Boat Electrofishing,Ross River,"Riverview Park, Annandale",-19.3083,146.7761,16.806707,13,0.7735007220629241,0.003424657534246575,0.007990867579908675,0.01141552511415525,3,Translocated,Oxyeleotris lineolata,Sleepy cod
OxyLin,Dry Tropics,Ross,118-0139,2022-09-13T00:00:00Z,Backpack Electrofishing,Antill Plains Creek,"Flinders Highway, Ross River",-19.4348788,146.8551803,12.904691,9,0.6974208061239127,0.024193548387096774,0.11290322580645161,0.13709677419354838,6,Translocated,Oxyeleotris lineolata,Sleepy cod
OxyLin,Dry Tropics,Ross,118-0107,2022-09-13T00:00:00Z,Backpack Electrofishing,Ross River,"Riverway Drive, Kelso",-19.4066523,146.734806,15.428856,10,0.6481361936361322,0.041666666666666664,0.3333333333333333,0.375,6,Translocated,Oxyeleotris lineolata,Sleepy cod
PoeRet,Dry Tropics,Ross,118-0039,2022-09-13T00:00:00Z,Backpack Electrofishing,Sachs Creek,"Kavenagh Court, Oak Valley",-19.4066148,146.8166231,11.229382,6,0.5343125739243709,0,0.8148148148148148,0.8148148148148148,2,Alien,Poecilia reticulata,Guppy
PoeRet,Dry Tropics,Ross,118-0023,2022-09-14T00:00:00Z,Backpack Electrofishing,Little Bohle River,"Granitevale Road, Alice River",-19.354728,146.611096,10.137154,6,0.5918821002423362,0,0.09310344827586207,0.09310344827586207,1,Alien,Poecilia reticulata,Guppy
PoeRet,Dry Tropics,Ross,118-0056,2022-09-12T00:00:00Z,Backpack Electrofishing,Alligator Creek,"Alligator Creek Road, Alligator Creek",-19.3979631,146.9494646,12.530987,6,0.4788130416223399,0,0.023121387283236993,0.023121387283236993,3,Alien,Poecilia reticulata,Guppy
PoeRet,Dry Tropics,Black,117-0094,2022-09-16T00:00:00Z,Backpack Electrofishing,Tributary of Palm Tree Creek,"Page Road, Hervey Range",-19.347883,146.485145,8.064235,3,0.3720129683720774,0,0.4067796610169492,0.4067796610169492,24,Alien,Poecilia reticulata,Guppy
PoeRet,Dry Tropics,Ross,118-0168,2022-09-12T00:00:00Z,Backpack Electrofishing,Alligator Creek,"Alligator Creek Road, Bowling Green Bay National Park, Mount Elliot",-19.4313303,146.9440282,10.06027,7,0.6958063749780076,0,0.004016064257028112,0.004016064257028112,1,Alien,Poecilia reticulata,Guppy
PoeRet,Dry Tropics,Black,117-0019,2022-09-12T00:00:00Z,Backpack Electrofishing,Canal Creek,"Black River Road, Black River",-19.2907993,146.6009929,11.654436,5,0.42902118987139315,0,0.4126984126984127,0.4126984126984127,1,Alien,Poecilia reticulata,Guppy
PoeRet,Dry Tropics,Black,117-0131,2022-09-16T00:00:00Z,Backpack Electrofishing,Log Creek,"Adenaline Paintball, Black River",-19.287011,146.59877,12.636838,5,0.395668600008958,0,0.44495412844036697,0.44495412844036697,2,Alien,Poecilia reticulata,Guppy
PoeRet,Dry Tropics,Black,117-0041,2022-09-14T00:00:00Z,Backpack Electrofishing,Bullocky Toms Creek,"Volk Road, Mutarnee",-18.9591618,146.2615233,10.006556,6,0.5996068977178561,0,0.038834951456310676,0.038834951456310676,4,Alien,Poecilia reticulata,Guppy
PorRen,Dry Tropics,Ross,118-0039,2022-09-13T00:00:00Z,Backpack Electrofishing,Sachs Creek,"Kavenagh Court, Oak Valley",-19.4066148,146.8166231,11.229382,6,0.5343125739243709,0,0.8148148148148148,0.8148148148148148,1,Indigenous,Porochilus rendahli,Rendahl's tandan
PorRen,Dry Tropics,Ross,118-9998,2021-06-16T00:00:00Z,Boat Electrofishing,Ross River,"Gollogly Drive, Rasmussen",-19.3395,146.7291,16.274612,15,0.921680959275711,0.0468384074941452,0.00936768149882904,0.05620608899297424,1,Indigenous,Porochilus rendahli,Rendahl's tandan
RedBik,Dry Tropics,Ross,118-9999,2021-06-16T00:00:00Z,Boat Electrofishing,Ross River,"Riverview Park, Annandale",-19.3083,146.7761,16.806707,13,0.7735007220629241,0.003424657534246575,0.007990867579908675,0.01141552511415525,5,Indigenous,Redigobius bikolanus,Speckled goby
RedBik,Dry Tropics,Ross,118-9998,2021-06-16T00:00:00Z,Boat Electrofishing,Ross River,"Gollogly Drive, Rasmussen",-19.3395,146.7291,16.274612,15,0.921680959275711,0.0468384074941452,0.00936768149882904,0.05620608899297424,6,Indigenous,Redigobius bikolanus,Speckled goby
SchHoe,Dry Tropics,Black,117-0037,2022-09-13T00:00:00Z,Backpack Electrofishing,Crystal Creek,"Daly Road, Mutarnee",-18.9570751,146.2848667,14.832156,10,0.6742108160135317,0,0,0,3,Indigenous,Schismatogobius hoesei,Scaleless goby
StrKre,Dry Tropics,Ross,118-9999,2021-06-16T00:00:00Z,Boat Electrofishing,Ross River,"Riverview Park, Annandale",-19.3083,146.7761,16.806707,13,0.7735007220629241,0.003424657534246575,0.007990867579908675,0.01141552511415525,9,Indigenous,Strongylura krefftii,Freshwater longtom
StrKre,Dry Tropics,Ross,118-9998,2021-06-16T00:00:00Z,Boat Electrofishing,Ross River,"Gollogly Drive, Rasmussen",-19.3395,146.7291,16.274612,15,0.921680959275711,0.0468384074941452,0.00936768149882904,0.05620608899297424,2,Indigenous,Strongylura krefftii,Freshwater longtom
ToxCha,Dry Tropics,Ross,118-9999,2021-06-16T00:00:00Z,Boat Electrofishing,Ross River,"Riverview Park, Annandale",-19.3083,146.7761,16.806707,13,0.7735007220629241,0.003424657534246575,0.007990867579908675,0.01141552511415525,6,Indigenous,Toxotes chatareus,Seven-spot archerfish
ToxCha,Dry Tropics,Ross,118-9998,2021-06-16T00:00:00Z,Boat Electrofishing,Ross River,"Gollogly Drive, Rasmussen",-19.3395,146.7291,16.274612,15,0.921680959275711,0.0468384074941452,0.00936768149882904,0.05620608899297424,4,Indigenous,Toxotes chatareus,Seven-spot archerfish
TriTri,Dry Tropics,Ross,118-0056,2022-09-12T00:00:00Z,Backpack Electrofishing,Alligator Creek,"Alligator Creek Road, Alligator Creek",-19.3979631,146.9494646,12.530987,6,0.4788130416223399,0,0.023121387283236993,0.023121387283236993,1,Alien,Trichopodus trichopterus,Blue gourami
XipMac,Dry Tropics,Ross,118-0114,2022-09-14T00:00:00Z,Backpack Electrofishing,Stony Creek,"Geaney Lane, Deeragun",-19.2483848,146.6660557,11.874111,3,0.25265049316113014,0,0.7674418604651163,0.7674418604651163,30,Alien,Xiphophorus maculatus,Platy
XipMac,Dry Tropics,Ross,118-0008,2022-09-15T00:00:00Z,Backpack Electrofishing,Bohle River,"Off S Beck Drive, Rasmussen",-19.347338,146.712697,12.950792,6,0.46329212916090384,0,0.10995850622406639,0.10995850622406639,2,Alien,Xiphophorus maculatus,Platy
XipMac,Dry Tropics,Black,117-0131,2022-09-16T00:00:00Z,Backpack Electrofishing,Log Creek,"Adenaline Paintball, Black River",-19.287011,146.59877,12.636838,5,0.395668600008958,0,0.44495412844036697,0.44495412844036697,5,Alien,Xiphophorus maculatus,Platy
XipMac,Dry Tropics,Ross,118-0107,2022-09-13T00:00:00Z,Backpack Electrofishing,Ross River,"Riverway Drive, Kelso",-19.4066523,146.734806,15.428856,10,0.6481361936361322,0.041666666666666664,0.3333333333333333,0.375,33,Alien,Xiphophorus maculatus,Platy
