basin,region,fyear,rainfall,cumulative_mean,units
Plane,Mackay Whitsunday Isaac,1912,734.766,734.766,mm
Plane,Mackay Whitsunday Isaac,1913,1943.144,1338.955,mm
Plane,Mackay Whitsunday Isaac,1914,1644.351,1440.754,mm
Plane,Mackay Whitsunday Isaac,1915,647.667,1242.482,mm
Plane,Mackay Whitsunday Isaac,1916,899.11,1173.808,mm
Plane,Mackay Whitsunday Isaac,1917,1991.566,1310.101,mm
Plane,Mackay Whitsunday Isaac,1918,3245.74,1586.621,mm
Plane,Mackay Whitsunday Isaac,1919,1152.032,1532.297,mm
Plane,Mackay Whitsunday Isaac,1920,1037.092,1477.274,mm
Plane,Mackay Whitsunday Isaac,1921,1623.147,1491.862,mm
Plane,Mackay Whitsunday Isaac,1922,1266.991,1471.419,mm
Plane,Mackay Whitsunday Isaac,1923,930.718,1426.36,mm
Plane,Mackay Whitsunday Isaac,1924,1144.244,1404.659,mm
Plane,Mackay Whitsunday Isaac,1925,1173.125,1388.121,mm
Plane,Mackay Whitsunday Isaac,1926,848.308,1352.133,mm
Plane,Mackay Whitsunday Isaac,1927,1153.185,1339.699,mm
Plane,Mackay Whitsunday Isaac,1928,2341.735,1398.642,mm
Plane,Mackay Whitsunday Isaac,1929,1905.242,1426.787,mm
Plane,Mackay Whitsunday Isaac,1930,1487.331,1429.973,mm
Plane,Mackay Whitsunday Isaac,1931,689.717,1392.961,mm
Plane,Mackay Whitsunday Isaac,1932,1291.398,1388.124,mm
Plane,Mackay Whitsunday Isaac,1933,1060.076,1373.213,mm
Plane,Mackay Whitsunday Isaac,1934,1710.697,1387.886,mm
Plane,Mackay Whitsunday Isaac,1935,852.224,1365.567,mm
Plane,Mackay Whitsunday Isaac,1936,2126.893,1396.02,mm
Plane,Mackay Whitsunday Isaac,1937,1304.935,1392.517,mm
Plane,Mackay Whitsunday Isaac,1938,1220.789,1386.156,mm
Plane,Mackay Whitsunday Isaac,1939,1228.866,1380.539,mm
Plane,Mackay Whitsunday Isaac,1940,2008.792,1402.203,mm
Plane,Mackay Whitsunday Isaac,1941,1674.303,1411.273,mm
Plane,Mackay Whitsunday Isaac,1942,1520.842,1414.807,mm
Plane,Mackay Whitsunday Isaac,1943,1955.944,1431.718,mm
Plane,Mackay Whitsunday Isaac,1944,1494.407,1433.617,mm
Plane,Mackay Whitsunday Isaac,1945,764.674,1413.943,mm
Plane,Mackay Whitsunday Isaac,1946,1543.476,1417.644,mm
Plane,Mackay Whitsunday Isaac,1947,1236.259,1412.605,mm
Plane,Mackay Whitsunday Isaac,1948,906.659,1398.931,mm
Plane,Mackay Whitsunday Isaac,1949,1058.302,1389.967,mm
Plane,Mackay Whitsunday Isaac,1950,2138.956,1409.172,mm
Plane,Mackay Whitsunday Isaac,1951,2424.725,1434.561,mm
Plane,Mackay Whitsunday Isaac,1952,896.475,1421.437,mm
Plane,Mackay Whitsunday Isaac,1953,1220.473,1416.652,mm
Plane,Mackay Whitsunday Isaac,1954,2043.835,1431.237,mm
Plane,Mackay Whitsunday Isaac,1955,2537.721,1456.385,mm
Plane,Mackay Whitsunday Isaac,1956,2260.423,1474.252,mm
Plane,Mackay Whitsunday Isaac,1957,1260.914,1469.615,mm
Plane,Mackay Whitsunday Isaac,1958,2553.632,1492.679,mm
Plane,Mackay Whitsunday Isaac,1959,1431.328,1491.401,mm
Plane,Mackay Whitsunday Isaac,1960,1740.743,1496.489,mm
Plane,Mackay Whitsunday Isaac,1961,986.76,1486.295,mm
Plane,Mackay Whitsunday Isaac,1962,1170.438,1480.101,mm
Plane,Mackay Whitsunday Isaac,1963,1971.665,1489.555,mm
Plane,Mackay Whitsunday Isaac,1964,935.078,1479.093,mm
Plane,Mackay Whitsunday Isaac,1965,891.172,1468.205,mm
Plane,Mackay Whitsunday Isaac,1966,973.261,1459.206,mm
Plane,Mackay Whitsunday Isaac,1967,1237.234,1455.242,mm
Plane,Mackay Whitsunday Isaac,1968,2082.348,1466.244,mm
Plane,Mackay Whitsunday Isaac,1969,823.043,1455.155,mm
Plane,Mackay Whitsunday Isaac,1970,1470.205,1455.41,mm
Plane,Mackay Whitsunday Isaac,1971,1506.468,1456.261,mm
Plane,Mackay Whitsunday Isaac,1972,1660.308,1459.606,mm
Plane,Mackay Whitsunday Isaac,1973,1146.19,1454.551,mm
Plane,Mackay Whitsunday Isaac,1974,2970.198,1478.609,mm
Plane,Mackay Whitsunday Isaac,1975,1342.271,1476.478,mm
Plane,Mackay Whitsunday Isaac,1976,2268.587,1488.665,mm
Plane,Mackay Whitsunday Isaac,1977,1813.888,1493.592,mm
Plane,Mackay Whitsunday Isaac,1978,1387.117,1492.003,mm
Plane,Mackay Whitsunday Isaac,1979,2680.248,1509.477,mm
Plane,Mackay Whitsunday Isaac,1980,1401.121,1507.907,mm
Plane,Mackay Whitsunday Isaac,1981,1495.492,1507.729,mm
Plane,Mackay Whitsunday Isaac,1982,1164.198,1502.891,mm
Plane,Mackay Whitsunday Isaac,1983,1180.669,1498.416,mm
Plane,Mackay Whitsunday Isaac,1984,749.824,1488.161,mm
Plane,Mackay Whitsunday Isaac,1985,1258.121,1485.052,mm
Plane,Mackay Whitsunday Isaac,1986,1216.229,1481.468,mm
Plane,Mackay Whitsunday Isaac,1987,779.291,1472.229,mm
Plane,Mackay Whitsunday Isaac,1988,1756.599,1475.922,mm
Plane,Mackay Whitsunday Isaac,1989,2354.361,1487.184,mm
Plane,Mackay Whitsunday Isaac,1990,1671.84,1489.521,mm
Plane,Mackay Whitsunday Isaac,1991,3122.855,1509.938,mm
Plane,Mackay Whitsunday Isaac,1992,970.744,1503.281,mm
Plane,Mackay Whitsunday Isaac,1993,1091.626,1498.261,mm
Plane,Mackay Whitsunday Isaac,1994,1189.419,1494.54,mm
Plane,Mackay Whitsunday Isaac,1995,795.892,1486.223,mm
Plane,Mackay Whitsunday Isaac,1996,1335.587,1484.451,mm
Plane,Mackay Whitsunday Isaac,1997,1348.416,1482.869,mm
Plane,Mackay Whitsunday Isaac,1998,1005.715,1477.384,mm
Plane,Mackay Whitsunday Isaac,1999,1889.09,1482.063,mm
Plane,Mackay Whitsunday Isaac,2000,1826.042,1485.928,mm
Plane,Mackay Whitsunday Isaac,2001,1614.343,1487.355,mm
Plane,Mackay Whitsunday Isaac,2002,914.515,1481.06,mm
Plane,Mackay Whitsunday Isaac,2003,863.669,1474.349,mm
Plane,Mackay Whitsunday Isaac,2004,847.427,1467.608,mm
Plane,Mackay Whitsunday Isaac,2005,1115.673,1463.864,mm
Plane,Mackay Whitsunday Isaac,2006,1070.504,1459.723,mm
Plane,Mackay Whitsunday Isaac,2007,1640.863,1461.61,mm
Plane,Mackay Whitsunday Isaac,2008,1918.715,1466.323,mm
Plane,Mackay Whitsunday Isaac,2009,1570.757,1467.388,mm
Plane,Mackay Whitsunday Isaac,2010,1988.514,1472.652,mm
Plane,Mackay Whitsunday Isaac,2011,3060.233,1488.528,mm
Plane,Mackay Whitsunday Isaac,2012,2012.825,1493.719,mm
Plane,Mackay Whitsunday Isaac,2013,1841.301,1497.127,mm
Plane,Mackay Whitsunday Isaac,2014,1400.306,1496.187,mm
Plane,Mackay Whitsunday Isaac,2015,944.571,1490.883,mm
Plane,Mackay Whitsunday Isaac,2016,1436.19,1490.362,mm
Plane,Mackay Whitsunday Isaac,2017,2559.054,1500.444,mm
Plane,Mackay Whitsunday Isaac,2018,951.447,1495.313,mm
Plane,Mackay Whitsunday Isaac,2019,1445.783,1494.854,mm
Plane,Mackay Whitsunday Isaac,2020,1364.166,1493.655,mm
Plane,Mackay Whitsunday Isaac,2021,1084.969,1489.94,mm
Plane,Mackay Whitsunday Isaac,2022,1120.057,1486.608,mm
Johnstone,Wet Tropics,1912,2475.892,2475.892,mm
Johnstone,Wet Tropics,1913,3901.147,3188.52,mm
Johnstone,Wet Tropics,1914,2925.284,3100.774,mm
Johnstone,Wet Tropics,1915,1657.409,2739.933,mm
Johnstone,Wet Tropics,1916,2305.113,2652.969,mm
Johnstone,Wet Tropics,1917,3149.137,2735.664,mm
Johnstone,Wet Tropics,1918,3405.753,2831.391,mm
Johnstone,Wet Tropics,1919,2345.969,2770.713,mm
Johnstone,Wet Tropics,1920,2579.152,2749.428,mm
Johnstone,Wet Tropics,1921,4346.163,2909.102,mm
Johnstone,Wet Tropics,1922,3429.705,2956.429,mm
Johnstone,Wet Tropics,1923,1980.454,2875.098,mm
Johnstone,Wet Tropics,1924,2785.201,2868.183,mm
Johnstone,Wet Tropics,1925,3685.615,2926.571,mm
Johnstone,Wet Tropics,1926,1863.258,2855.683,mm
Johnstone,Wet Tropics,1927,3490.234,2895.343,mm
Johnstone,Wet Tropics,1928,2501.63,2872.183,mm
Johnstone,Wet Tropics,1929,3549.908,2909.835,mm
Johnstone,Wet Tropics,1930,3123.874,2921.1,mm
Johnstone,Wet Tropics,1931,2655.77,2907.833,mm
Johnstone,Wet Tropics,1932,3202.102,2921.846,mm
Johnstone,Wet Tropics,1933,3277.24,2938,mm
Johnstone,Wet Tropics,1934,5229.02,3037.61,mm
Johnstone,Wet Tropics,1935,3163.611,3042.86,mm
Johnstone,Wet Tropics,1936,3583.732,3064.495,mm
Johnstone,Wet Tropics,1937,2426.395,3039.953,mm
Johnstone,Wet Tropics,1938,2641.226,3025.185,mm
Johnstone,Wet Tropics,1939,4323.799,3071.564,mm
Johnstone,Wet Tropics,1940,3760.77,3095.33,mm
Johnstone,Wet Tropics,1941,3743.777,3116.945,mm
Johnstone,Wet Tropics,1942,2296.182,3090.468,mm
Johnstone,Wet Tropics,1943,2675.059,3077.487,mm
Johnstone,Wet Tropics,1944,2233.282,3051.905,mm
Johnstone,Wet Tropics,1945,4379.783,3090.96,mm
Johnstone,Wet Tropics,1946,2783.871,3082.186,mm
Johnstone,Wet Tropics,1947,1990.066,3051.85,mm
Johnstone,Wet Tropics,1948,2827.038,3045.774,mm
Johnstone,Wet Tropics,1949,3303.642,3052.56,mm
Johnstone,Wet Tropics,1950,3129.455,3054.531,mm
Johnstone,Wet Tropics,1951,2972.298,3052.475,mm
Johnstone,Wet Tropics,1952,2286.825,3033.801,mm
Johnstone,Wet Tropics,1953,3075.042,3034.783,mm
Johnstone,Wet Tropics,1954,3066.588,3035.523,mm
Johnstone,Wet Tropics,1955,3762.95,3052.055,mm
Johnstone,Wet Tropics,1956,2802.89,3046.518,mm
Johnstone,Wet Tropics,1957,3615.011,3058.877,mm
Johnstone,Wet Tropics,1958,2956.773,3056.704,mm
Johnstone,Wet Tropics,1959,3289.316,3061.55,mm
Johnstone,Wet Tropics,1960,2894.506,3058.141,mm
Johnstone,Wet Tropics,1961,1929.054,3035.559,mm
Johnstone,Wet Tropics,1962,2599.41,3027.007,mm
Johnstone,Wet Tropics,1963,3384.858,3033.889,mm
Johnstone,Wet Tropics,1964,3033.852,3033.889,mm
Johnstone,Wet Tropics,1965,3751.545,3047.178,mm
Johnstone,Wet Tropics,1966,1837.991,3025.193,mm
Johnstone,Wet Tropics,1967,3356.532,3031.11,mm
Johnstone,Wet Tropics,1968,2545.295,3022.587,mm
Johnstone,Wet Tropics,1969,2557.913,3014.575,mm
Johnstone,Wet Tropics,1970,2712.386,3009.453,mm
Johnstone,Wet Tropics,1971,3419.85,3016.293,mm
Johnstone,Wet Tropics,1972,3437.392,3023.197,mm
Johnstone,Wet Tropics,1973,3021.194,3023.164,mm
Johnstone,Wet Tropics,1974,4390.013,3044.86,mm
Johnstone,Wet Tropics,1975,2812.106,3041.224,mm
Johnstone,Wet Tropics,1976,3410.276,3046.901,mm
Johnstone,Wet Tropics,1977,4455.565,3068.245,mm
Johnstone,Wet Tropics,1978,2391.988,3058.151,mm
Johnstone,Wet Tropics,1979,4288.834,3076.25,mm
Johnstone,Wet Tropics,1980,2199.036,3063.536,mm
Johnstone,Wet Tropics,1981,4000.369,3076.92,mm
Johnstone,Wet Tropics,1982,3263.164,3079.543,mm
Johnstone,Wet Tropics,1983,2464.495,3071,mm
Johnstone,Wet Tropics,1984,2852.749,3068.011,mm
Johnstone,Wet Tropics,1985,2948.979,3066.402,mm
Johnstone,Wet Tropics,1986,3080.341,3066.588,mm
Johnstone,Wet Tropics,1987,2476.767,3058.827,mm
Johnstone,Wet Tropics,1988,2486.829,3051.399,mm
Johnstone,Wet Tropics,1989,3915.107,3062.472,mm
Johnstone,Wet Tropics,1990,3209.176,3064.329,mm
Johnstone,Wet Tropics,1991,3357.065,3067.988,mm
Johnstone,Wet Tropics,1992,1694.117,3051.027,mm
Johnstone,Wet Tropics,1993,2291.405,3041.763,mm
Johnstone,Wet Tropics,1994,3172.53,3043.339,mm
Johnstone,Wet Tropics,1995,2664.065,3038.823,mm
Johnstone,Wet Tropics,1996,3290.765,3041.787,mm
Johnstone,Wet Tropics,1997,2889.716,3040.019,mm
Johnstone,Wet Tropics,1998,2954.973,3039.042,mm
Johnstone,Wet Tropics,1999,4774.167,3058.759,mm
Johnstone,Wet Tropics,2000,4408.076,3073.92,mm
Johnstone,Wet Tropics,2001,3202.421,3075.348,mm
Johnstone,Wet Tropics,2002,1793.133,3061.257,mm
Johnstone,Wet Tropics,2003,1862.09,3048.223,mm
Johnstone,Wet Tropics,2004,3282.906,3050.746,mm
Johnstone,Wet Tropics,2005,2409.649,3043.926,mm
Johnstone,Wet Tropics,2006,3224.369,3045.826,mm
Johnstone,Wet Tropics,2007,3048.806,3045.857,mm
Johnstone,Wet Tropics,2008,2913.075,3044.488,mm
Johnstone,Wet Tropics,2009,3409.568,3048.213,mm
Johnstone,Wet Tropics,2010,2765.12,3045.354,mm
Johnstone,Wet Tropics,2011,4954.674,3064.447,mm
Johnstone,Wet Tropics,2012,3312.585,3066.904,mm
Johnstone,Wet Tropics,2013,2500.487,3061.35,mm
Johnstone,Wet Tropics,2014,3243.285,3063.117,mm
Johnstone,Wet Tropics,2015,2110.034,3053.953,mm
Johnstone,Wet Tropics,2016,2359.6,3047.34,mm
Johnstone,Wet Tropics,2017,2839.814,3045.382,mm
Johnstone,Wet Tropics,2018,3450.13,3049.165,mm
Johnstone,Wet Tropics,2019,3156.588,3050.159,mm
Johnstone,Wet Tropics,2020,2308.099,3043.351,mm
Johnstone,Wet Tropics,2021,3298.872,3045.674,mm
Johnstone,Wet Tropics,2022,2866.262,3044.058,mm
Ross,Dry Tropics,1912,632.858,632.858,mm
Ross,Dry Tropics,1913,1122.829,877.843,mm
Ross,Dry Tropics,1914,1148.028,967.905,mm
Ross,Dry Tropics,1915,344.021,811.934,mm
Ross,Dry Tropics,1916,722.138,793.975,mm
Ross,Dry Tropics,1917,1737.013,951.148,mm
Ross,Dry Tropics,1918,1641.194,1049.726,mm
Ross,Dry Tropics,1919,568.893,989.622,mm
Ross,Dry Tropics,1920,1026.888,993.762,mm
Ross,Dry Tropics,1921,641.023,958.488,mm
Ross,Dry Tropics,1922,908.182,953.915,mm
Ross,Dry Tropics,1923,518.109,917.598,mm
Ross,Dry Tropics,1924,829.283,910.805,mm
Ross,Dry Tropics,1925,1205.357,931.844,mm
Ross,Dry Tropics,1926,605.512,910.089,mm
Ross,Dry Tropics,1927,1389.499,940.052,mm
Ross,Dry Tropics,1928,867.727,935.797,mm
Ross,Dry Tropics,1929,1106.336,945.272,mm
Ross,Dry Tropics,1930,856.716,940.611,mm
Ross,Dry Tropics,1931,524.766,919.819,mm
Ross,Dry Tropics,1932,780.197,913.17,mm
Ross,Dry Tropics,1933,803.241,908.173,mm
Ross,Dry Tropics,1934,1388.48,929.056,mm
Ross,Dry Tropics,1935,398.418,906.946,mm
Ross,Dry Tropics,1936,1449.703,928.656,mm
Ross,Dry Tropics,1937,787.407,923.224,mm
Ross,Dry Tropics,1938,813.88,919.174,mm
Ross,Dry Tropics,1939,769.723,913.836,mm
Ross,Dry Tropics,1940,1287.332,926.716,mm
Ross,Dry Tropics,1941,1439.915,943.822,mm
Ross,Dry Tropics,1942,798.256,939.127,mm
Ross,Dry Tropics,1943,1197.761,947.209,mm
Ross,Dry Tropics,1944,977.498,948.127,mm
Ross,Dry Tropics,1945,1102.007,952.653,mm
Ross,Dry Tropics,1946,1533.557,969.25,mm
Ross,Dry Tropics,1947,1142.976,974.076,mm
Ross,Dry Tropics,1948,703.682,966.768,mm
Ross,Dry Tropics,1949,1220.45,973.444,mm
Ross,Dry Tropics,1950,1528.027,987.664,mm
Ross,Dry Tropics,1951,1436.428,998.883,mm
Ross,Dry Tropics,1952,725.293,992.21,mm
Ross,Dry Tropics,1953,1564.354,1005.832,mm
Ross,Dry Tropics,1954,1391.367,1014.798,mm
Ross,Dry Tropics,1955,1665.622,1029.59,mm
Ross,Dry Tropics,1956,1574.194,1041.692,mm
Ross,Dry Tropics,1957,1068.69,1042.279,mm
Ross,Dry Tropics,1958,1336.179,1048.532,mm
Ross,Dry Tropics,1959,786.105,1043.065,mm
Ross,Dry Tropics,1960,1239.717,1047.078,mm
Ross,Dry Tropics,1961,525.072,1036.638,mm
Ross,Dry Tropics,1962,847.998,1032.939,mm
Ross,Dry Tropics,1963,1033.797,1032.956,mm
Ross,Dry Tropics,1964,863.009,1029.749,mm
Ross,Dry Tropics,1965,1052.364,1030.168,mm
Ross,Dry Tropics,1966,628.277,1022.861,mm
Ross,Dry Tropics,1967,681.528,1016.766,mm
Ross,Dry Tropics,1968,1302.43,1021.777,mm
Ross,Dry Tropics,1969,412.333,1011.27,mm
Ross,Dry Tropics,1970,519.758,1002.939,mm
Ross,Dry Tropics,1971,914.246,1001.461,mm
Ross,Dry Tropics,1972,1659.747,1012.252,mm
Ross,Dry Tropics,1973,705.048,1007.297,mm
Ross,Dry Tropics,1974,2046.872,1023.799,mm
Ross,Dry Tropics,1975,762.453,1019.715,mm
Ross,Dry Tropics,1976,1516.956,1027.365,mm
Ross,Dry Tropics,1977,1467.936,1034.04,mm
Ross,Dry Tropics,1978,880.441,1031.748,mm
Ross,Dry Tropics,1979,1090.514,1032.612,mm
Ross,Dry Tropics,1980,862.733,1030.15,mm
Ross,Dry Tropics,1981,1332.026,1034.462,mm
Ross,Dry Tropics,1982,793.658,1031.071,mm
Ross,Dry Tropics,1983,722.784,1026.789,mm
Ross,Dry Tropics,1984,757.219,1023.096,mm
Ross,Dry Tropics,1985,625.176,1017.719,mm
Ross,Dry Tropics,1986,831.607,1015.238,mm
Ross,Dry Tropics,1987,504.103,1008.512,mm
Ross,Dry Tropics,1988,732.206,1004.924,mm
Ross,Dry Tropics,1989,1315.132,1008.901,mm
Ross,Dry Tropics,1990,1415.099,1014.042,mm
Ross,Dry Tropics,1991,1790.093,1023.743,mm
Ross,Dry Tropics,1992,471.077,1016.92,mm
Ross,Dry Tropics,1993,444.893,1009.944,mm
Ross,Dry Tropics,1994,638.524,1005.469,mm
Ross,Dry Tropics,1995,383.107,998.06,mm
Ross,Dry Tropics,1996,836.528,996.16,mm
Ross,Dry Tropics,1997,1104.547,997.42,mm
Ross,Dry Tropics,1998,1408.503,1002.145,mm
Ross,Dry Tropics,1999,1219.704,1004.617,mm
Ross,Dry Tropics,2000,1869.263,1014.332,mm
Ross,Dry Tropics,2001,937.642,1013.48,mm
Ross,Dry Tropics,2002,713.738,1010.187,mm
Ross,Dry Tropics,2003,450.081,1004.098,mm
Ross,Dry Tropics,2004,696.166,1000.787,mm
Ross,Dry Tropics,2005,573.494,996.242,mm
Ross,Dry Tropics,2006,1141.857,997.774,mm
Ross,Dry Tropics,2007,1157.372,999.437,mm
Ross,Dry Tropics,2008,1344.484,1002.994,mm
Ross,Dry Tropics,2009,2033.695,1013.511,mm
Ross,Dry Tropics,2010,1403.284,1017.449,mm
Ross,Dry Tropics,2011,2125.806,1028.532,mm
Ross,Dry Tropics,2012,1369.606,1031.909,mm
Ross,Dry Tropics,2013,841.753,1030.045,mm
Ross,Dry Tropics,2014,998.411,1029.738,mm
Ross,Dry Tropics,2015,522.528,1024.861,mm
Ross,Dry Tropics,2016,743.889,1022.185,mm
Ross,Dry Tropics,2017,813.696,1020.218,mm
Ross,Dry Tropics,2018,913.06,1019.216,mm
Ross,Dry Tropics,2019,2132.986,1029.529,mm
Ross,Dry Tropics,2020,755.144,1027.012,mm
Ross,Dry Tropics,2021,1010.411,1026.861,mm
Ross,Dry Tropics,2022,1164.765,1028.103,mm
Murray,Wet Tropics,1912,2003.068,2003.068,mm
Murray,Wet Tropics,1913,2984.232,2493.65,mm
Murray,Wet Tropics,1914,2640.096,2542.465,mm
Murray,Wet Tropics,1915,1108.231,2183.907,mm
Murray,Wet Tropics,1916,1766.814,2100.488,mm
Murray,Wet Tropics,1917,2707.314,2201.626,mm
Murray,Wet Tropics,1918,2983.557,2313.33,mm
Murray,Wet Tropics,1919,1680.784,2234.262,mm
Murray,Wet Tropics,1920,2085.355,2217.717,mm
Murray,Wet Tropics,1921,2471.775,2243.123,mm
Murray,Wet Tropics,1922,2463.719,2263.177,mm
Murray,Wet Tropics,1923,1197.147,2174.341,mm
Murray,Wet Tropics,1924,1878.717,2151.601,mm
Murray,Wet Tropics,1925,2316.111,2163.351,mm
Murray,Wet Tropics,1926,1059.103,2089.735,mm
Murray,Wet Tropics,1927,3098.976,2152.812,mm
Murray,Wet Tropics,1928,1861.108,2135.653,mm
Murray,Wet Tropics,1929,2681.331,2165.969,mm
Murray,Wet Tropics,1930,2294.025,2172.709,mm
Murray,Wet Tropics,1931,1894.713,2158.809,mm
Murray,Wet Tropics,1932,2222.391,2161.837,mm
Murray,Wet Tropics,1933,1921.345,2150.905,mm
Murray,Wet Tropics,1934,3566.701,2212.461,mm
Murray,Wet Tropics,1935,1969.645,2202.344,mm
Murray,Wet Tropics,1936,3013.669,2234.797,mm
Murray,Wet Tropics,1937,2192.992,2233.189,mm
Murray,Wet Tropics,1938,1641.218,2211.264,mm
Murray,Wet Tropics,1939,2803.185,2232.404,mm
Murray,Wet Tropics,1940,2526.248,2242.537,mm
Murray,Wet Tropics,1941,2577.133,2253.69,mm
Murray,Wet Tropics,1942,1623.941,2233.376,mm
Murray,Wet Tropics,1943,1882.345,2222.406,mm
Murray,Wet Tropics,1944,1675.05,2205.819,mm
Murray,Wet Tropics,1945,2926.9,2227.028,mm
Murray,Wet Tropics,1946,2172.76,2225.477,mm
Murray,Wet Tropics,1947,1876.248,2215.776,mm
Murray,Wet Tropics,1948,2543.004,2224.62,mm
Murray,Wet Tropics,1949,2457.443,2230.747,mm
Murray,Wet Tropics,1950,2968.073,2249.653,mm
Murray,Wet Tropics,1951,2543.55,2257,mm
Murray,Wet Tropics,1952,1698.86,2243.387,mm
Murray,Wet Tropics,1953,2597.677,2251.823,mm
Murray,Wet Tropics,1954,2251.075,2251.805,mm
Murray,Wet Tropics,1955,3378.685,2277.416,mm
Murray,Wet Tropics,1956,2602.763,2284.646,mm
Murray,Wet Tropics,1957,2617.666,2291.886,mm
Murray,Wet Tropics,1958,2185.25,2289.617,mm
Murray,Wet Tropics,1959,2395.963,2291.832,mm
Murray,Wet Tropics,1960,2051.572,2286.929,mm
Murray,Wet Tropics,1961,1213.455,2265.46,mm
Murray,Wet Tropics,1962,2105.769,2262.328,mm
Murray,Wet Tropics,1963,2745.713,2271.624,mm
Murray,Wet Tropics,1964,2028.432,2267.036,mm
Murray,Wet Tropics,1965,2692.623,2274.917,mm
Murray,Wet Tropics,1966,1520.198,2261.195,mm
Murray,Wet Tropics,1967,2213.878,2260.35,mm
Murray,Wet Tropics,1968,2145.135,2258.329,mm
Murray,Wet Tropics,1969,1812.414,2250.64,mm
Murray,Wet Tropics,1970,1759.206,2242.311,mm
Murray,Wet Tropics,1971,2637.658,2248.9,mm
Murray,Wet Tropics,1972,2577.355,2254.285,mm
Murray,Wet Tropics,1973,1963.141,2249.589,mm
Murray,Wet Tropics,1974,3778.089,2273.851,mm
Murray,Wet Tropics,1975,1694.292,2264.795,mm
Murray,Wet Tropics,1976,2680.067,2271.184,mm
Murray,Wet Tropics,1977,3077.664,2283.403,mm
Murray,Wet Tropics,1978,2142.686,2281.303,mm
Murray,Wet Tropics,1979,3095.022,2293.269,mm
Murray,Wet Tropics,1980,1662.153,2284.123,mm
Murray,Wet Tropics,1981,2999.707,2294.346,mm
Murray,Wet Tropics,1982,2557.281,2298.049,mm
Murray,Wet Tropics,1983,1759.088,2290.563,mm
Murray,Wet Tropics,1984,2076.857,2287.636,mm
Murray,Wet Tropics,1985,1875.97,2282.073,mm
Murray,Wet Tropics,1986,2131.836,2280.07,mm
Murray,Wet Tropics,1987,1598.069,2271.096,mm
Murray,Wet Tropics,1988,1699.924,2263.678,mm
Murray,Wet Tropics,1989,2840.276,2271.07,mm
Murray,Wet Tropics,1990,2732.402,2276.91,mm
Murray,Wet Tropics,1991,2782.408,2283.229,mm
Murray,Wet Tropics,1992,1252.922,2270.509,mm
Murray,Wet Tropics,1993,1660.375,2263.068,mm
Murray,Wet Tropics,1994,2210.267,2262.432,mm
Murray,Wet Tropics,1995,1572.091,2254.214,mm
Murray,Wet Tropics,1996,1872.05,2249.718,mm
Murray,Wet Tropics,1997,2330.415,2250.656,mm
Murray,Wet Tropics,1998,2550.66,2254.104,mm
Murray,Wet Tropics,1999,3545.557,2268.78,mm
Murray,Wet Tropics,2000,3586.63,2283.587,mm
Murray,Wet Tropics,2001,2308.366,2283.863,mm
Murray,Wet Tropics,2002,1280.405,2272.836,mm
Murray,Wet Tropics,2003,1174.453,2260.897,mm
Murray,Wet Tropics,2004,2295.25,2261.266,mm
Murray,Wet Tropics,2005,1505.446,2253.225,mm
Murray,Wet Tropics,2006,2524.591,2256.082,mm
Murray,Wet Tropics,2007,2597.507,2259.638,mm
Murray,Wet Tropics,2008,2006.411,2257.028,mm
Murray,Wet Tropics,2009,2967.738,2264.28,mm
Murray,Wet Tropics,2010,1925.746,2260.86,mm
Murray,Wet Tropics,2011,3820.273,2276.454,mm
Murray,Wet Tropics,2012,2472.076,2278.391,mm
Murray,Wet Tropics,2013,1835.979,2274.054,mm
Murray,Wet Tropics,2014,2278.891,2274.101,mm
Murray,Wet Tropics,2015,1294.838,2264.685,mm
Murray,Wet Tropics,2016,1803.977,2260.297,mm
Murray,Wet Tropics,2017,1982.341,2257.675,mm
Murray,Wet Tropics,2018,2503.832,2259.976,mm
Murray,Wet Tropics,2019,2764.35,2264.646,mm
Murray,Wet Tropics,2020,1554.473,2258.13,mm
Murray,Wet Tropics,2021,2823.333,2263.269,mm
Murray,Wet Tropics,2022,2032.24,2261.187,mm
Black,Dry Tropics,1912,901.84,901.84,mm
Black,Dry Tropics,1913,1292.368,1097.104,mm
Black,Dry Tropics,1914,1510.149,1234.786,mm
Black,Dry Tropics,1915,406.185,1027.636,mm
Black,Dry Tropics,1916,899.217,1001.952,mm
Black,Dry Tropics,1917,1999.985,1168.291,mm
Black,Dry Tropics,1918,1936.178,1277.989,mm
Black,Dry Tropics,1919,739.763,1210.711,mm
Black,Dry Tropics,1920,1413.243,1233.214,mm
Black,Dry Tropics,1921,832.993,1193.192,mm
Black,Dry Tropics,1922,1176.93,1191.714,mm
Black,Dry Tropics,1923,627.034,1144.657,mm
Black,Dry Tropics,1924,972.531,1131.417,mm
Black,Dry Tropics,1925,1383.699,1149.437,mm
Black,Dry Tropics,1926,784.011,1125.075,mm
Black,Dry Tropics,1927,1964.6,1177.545,mm
Black,Dry Tropics,1928,1114.717,1173.85,mm
Black,Dry Tropics,1929,1495.832,1191.737,mm
Black,Dry Tropics,1930,1183.297,1191.293,mm
Black,Dry Tropics,1931,754.218,1169.439,mm
Black,Dry Tropics,1932,958.557,1159.397,mm
Black,Dry Tropics,1933,949.906,1149.875,mm
Black,Dry Tropics,1934,1915.923,1183.182,mm
Black,Dry Tropics,1935,578.585,1157.99,mm
Black,Dry Tropics,1936,1702.811,1179.783,mm
Black,Dry Tropics,1937,1058.706,1175.126,mm
Black,Dry Tropics,1938,1128.646,1173.405,mm
Black,Dry Tropics,1939,1075.097,1169.894,mm
Black,Dry Tropics,1940,1523.909,1182.101,mm
Black,Dry Tropics,1941,1615.568,1196.55,mm
Black,Dry Tropics,1942,1018.759,1190.815,mm
Black,Dry Tropics,1943,1300.454,1194.241,mm
Black,Dry Tropics,1944,1223.884,1195.139,mm
Black,Dry Tropics,1945,1470.427,1203.236,mm
Black,Dry Tropics,1946,1685.11,1217.004,mm
Black,Dry Tropics,1947,1281.638,1218.799,mm
Black,Dry Tropics,1948,1027.39,1213.626,mm
Black,Dry Tropics,1949,1501.131,1221.192,mm
Black,Dry Tropics,1950,1849.114,1237.292,mm
Black,Dry Tropics,1951,1658.685,1247.827,mm
Black,Dry Tropics,1952,851.279,1238.155,mm
Black,Dry Tropics,1953,1722.865,1249.696,mm
Black,Dry Tropics,1954,1707.944,1260.353,mm
Black,Dry Tropics,1955,1814.305,1272.943,mm
Black,Dry Tropics,1956,1831.866,1285.363,mm
Black,Dry Tropics,1957,1287.71,1285.414,mm
Black,Dry Tropics,1958,1456.806,1289.061,mm
Black,Dry Tropics,1959,1167.11,1286.52,mm
Black,Dry Tropics,1960,1303.649,1286.87,mm
Black,Dry Tropics,1961,708.244,1275.297,mm
Black,Dry Tropics,1962,1095.513,1271.772,mm
Black,Dry Tropics,1963,1301.167,1272.337,mm
Black,Dry Tropics,1964,1227.584,1271.493,mm
Black,Dry Tropics,1965,1263.83,1271.351,mm
Black,Dry Tropics,1966,760.269,1262.059,mm
Black,Dry Tropics,1967,851.121,1254.721,mm
Black,Dry Tropics,1968,1535.645,1259.649,mm
Black,Dry Tropics,1969,636.029,1248.897,mm
Black,Dry Tropics,1970,849.15,1242.122,mm
Black,Dry Tropics,1971,1314.486,1243.328,mm
Black,Dry Tropics,1972,1972.202,1255.276,mm
Black,Dry Tropics,1973,954.341,1250.423,mm
Black,Dry Tropics,1974,2530.679,1270.744,mm
Black,Dry Tropics,1975,1149.564,1268.851,mm
Black,Dry Tropics,1976,2157.711,1282.526,mm
Black,Dry Tropics,1977,1823.834,1290.727,mm
Black,Dry Tropics,1978,1165.202,1288.854,mm
Black,Dry Tropics,1979,1504.044,1292.018,mm
Black,Dry Tropics,1980,1118.251,1289.5,mm
Black,Dry Tropics,1981,1934.608,1298.716,mm
Black,Dry Tropics,1982,1035.317,1295.006,mm
Black,Dry Tropics,1983,1110.419,1292.442,mm
Black,Dry Tropics,1984,1154.069,1290.547,mm
Black,Dry Tropics,1985,822.404,1284.22,mm
Black,Dry Tropics,1986,1064.608,1281.292,mm
Black,Dry Tropics,1987,844.108,1275.54,mm
Black,Dry Tropics,1988,852.059,1270.04,mm
Black,Dry Tropics,1989,1637.666,1274.753,mm
Black,Dry Tropics,1990,1660.414,1279.635,mm
Black,Dry Tropics,1991,2050.053,1289.265,mm
Black,Dry Tropics,1992,864.566,1284.022,mm
Black,Dry Tropics,1993,758.092,1277.608,mm
Black,Dry Tropics,1994,1117.578,1275.68,mm
Black,Dry Tropics,1995,613.077,1267.792,mm
Black,Dry Tropics,1996,957.583,1264.142,mm
Black,Dry Tropics,1997,1532.435,1267.262,mm
Black,Dry Tropics,1998,1954.427,1275.161,mm
Black,Dry Tropics,1999,1573.829,1278.555,mm
Black,Dry Tropics,2000,2377.739,1290.905,mm
Black,Dry Tropics,2001,1330.942,1291.35,mm
Black,Dry Tropics,2002,1006.01,1288.214,mm
Black,Dry Tropics,2003,621.436,1280.967,mm
Black,Dry Tropics,2004,1040.573,1278.382,mm
Black,Dry Tropics,2005,839.622,1273.714,mm
Black,Dry Tropics,2006,1480.788,1275.894,mm
Black,Dry Tropics,2007,1541.403,1278.66,mm
Black,Dry Tropics,2008,1510.103,1281.046,mm
Black,Dry Tropics,2009,2473.144,1293.21,mm
Black,Dry Tropics,2010,1591.001,1296.218,mm
Black,Dry Tropics,2011,2970.72,1312.963,mm
Black,Dry Tropics,2012,1952.605,1319.296,mm
Black,Dry Tropics,2013,1028.628,1316.446,mm
Black,Dry Tropics,2014,1411.164,1317.366,mm
Black,Dry Tropics,2015,638.377,1310.837,mm
Black,Dry Tropics,2016,1140.447,1309.214,mm
Black,Dry Tropics,2017,1107.287,1307.309,mm
Black,Dry Tropics,2018,1359.888,1307.801,mm
Black,Dry Tropics,2019,2681.911,1320.524,mm
Black,Dry Tropics,2020,983.779,1317.435,mm
Black,Dry Tropics,2021,1484.656,1318.955,mm
Black,Dry Tropics,2022,1379.462,1319.5,mm
Daintree,Wet Tropics,1912,1538.691,1538.691,mm
Daintree,Wet Tropics,1913,2554.079,2046.385,mm
Daintree,Wet Tropics,1914,2981.097,2357.956,mm
Daintree,Wet Tropics,1915,1116.249,2047.529,mm
Daintree,Wet Tropics,1916,1767.643,1991.552,mm
Daintree,Wet Tropics,1917,2580.386,2089.691,mm
Daintree,Wet Tropics,1918,2127.277,2095.06,mm
Daintree,Wet Tropics,1919,1776.213,2055.204,mm
Daintree,Wet Tropics,1920,2159.611,2066.805,mm
Daintree,Wet Tropics,1921,2772.266,2137.351,mm
Daintree,Wet Tropics,1922,2503.098,2170.601,mm
Daintree,Wet Tropics,1923,1483.358,2113.331,mm
Daintree,Wet Tropics,1924,1612.757,2074.825,mm
Daintree,Wet Tropics,1925,3037.78,2143.608,mm
Daintree,Wet Tropics,1926,1178.496,2079.267,mm
Daintree,Wet Tropics,1927,2144.145,2083.322,mm
Daintree,Wet Tropics,1928,2119.996,2085.479,mm
Daintree,Wet Tropics,1929,2743.156,2122.017,mm
Daintree,Wet Tropics,1930,2631.346,2148.823,mm
Daintree,Wet Tropics,1931,2084.142,2145.589,mm
Daintree,Wet Tropics,1932,2433.01,2159.276,mm
Daintree,Wet Tropics,1933,2449.243,2172.456,mm
Daintree,Wet Tropics,1934,3299.92,2221.476,mm
Daintree,Wet Tropics,1935,2158.417,2218.849,mm
Daintree,Wet Tropics,1936,2475.088,2229.099,mm
Daintree,Wet Tropics,1937,1838.083,2214.06,mm
Daintree,Wet Tropics,1938,1577.814,2190.495,mm
Daintree,Wet Tropics,1939,3454.816,2235.649,mm
Daintree,Wet Tropics,1940,2637.601,2249.51,mm
Daintree,Wet Tropics,1941,2259.76,2249.851,mm
Daintree,Wet Tropics,1942,1306.202,2219.411,mm
Daintree,Wet Tropics,1943,1994.21,2212.373,mm
Daintree,Wet Tropics,1944,1843.595,2201.198,mm
Daintree,Wet Tropics,1945,3231.656,2231.506,mm
Daintree,Wet Tropics,1946,1551.136,2212.067,mm
Daintree,Wet Tropics,1947,1532.625,2193.193,mm
Daintree,Wet Tropics,1948,1867.848,2184.4,mm
Daintree,Wet Tropics,1949,2462.382,2191.716,mm
Daintree,Wet Tropics,1950,2547.736,2200.844,mm
Daintree,Wet Tropics,1951,2334.622,2204.189,mm
Daintree,Wet Tropics,1952,1835.981,2195.208,mm
Daintree,Wet Tropics,1953,2317.175,2198.112,mm
Daintree,Wet Tropics,1954,2160.533,2197.238,mm
Daintree,Wet Tropics,1955,2616.684,2206.771,mm
Daintree,Wet Tropics,1956,2193.339,2206.472,mm
Daintree,Wet Tropics,1957,2698.516,2217.169,mm
Daintree,Wet Tropics,1958,1937.795,2211.225,mm
Daintree,Wet Tropics,1959,2228.676,2211.589,mm
Daintree,Wet Tropics,1960,2288.257,2213.153,mm
Daintree,Wet Tropics,1961,1247.981,2193.85,mm
Daintree,Wet Tropics,1962,2222.241,2194.406,mm
Daintree,Wet Tropics,1963,3042.781,2210.721,mm
Daintree,Wet Tropics,1964,2553.221,2217.184,mm
Daintree,Wet Tropics,1965,2615.431,2224.559,mm
Daintree,Wet Tropics,1966,1215.441,2206.211,mm
Daintree,Wet Tropics,1967,2252.851,2207.044,mm
Daintree,Wet Tropics,1968,2332.841,2209.251,mm
Daintree,Wet Tropics,1969,1643.89,2199.503,mm
Daintree,Wet Tropics,1970,2036.429,2196.739,mm
Daintree,Wet Tropics,1971,2725.948,2205.559,mm
Daintree,Wet Tropics,1972,2640.953,2212.697,mm
Daintree,Wet Tropics,1973,2646.976,2219.701,mm
Daintree,Wet Tropics,1974,3452.067,2239.263,mm
Daintree,Wet Tropics,1975,2110.854,2237.256,mm
Daintree,Wet Tropics,1976,2888.426,2247.274,mm
Daintree,Wet Tropics,1977,3031.316,2259.154,mm
Daintree,Wet Tropics,1978,1882.348,2253.53,mm
Daintree,Wet Tropics,1979,3405.515,2270.471,mm
Daintree,Wet Tropics,1980,1740.076,2262.784,mm
Daintree,Wet Tropics,1981,2548.411,2266.864,mm
Daintree,Wet Tropics,1982,2094.25,2264.433,mm
Daintree,Wet Tropics,1983,1830.943,2258.412,mm
Daintree,Wet Tropics,1984,2114.618,2256.443,mm
Daintree,Wet Tropics,1985,2705.047,2262.505,mm
Daintree,Wet Tropics,1986,2172.141,2261.3,mm
Daintree,Wet Tropics,1987,1884.745,2256.345,mm
Daintree,Wet Tropics,1988,1727.41,2249.476,mm
Daintree,Wet Tropics,1989,2945.521,2258.4,mm
Daintree,Wet Tropics,1990,2283.169,2258.713,mm
Daintree,Wet Tropics,1991,1990.966,2255.366,mm
Daintree,Wet Tropics,1992,1210.134,2242.462,mm
Daintree,Wet Tropics,1993,2208.79,2242.052,mm
Daintree,Wet Tropics,1994,1991.707,2239.035,mm
Daintree,Wet Tropics,1995,2115.754,2237.568,mm
Daintree,Wet Tropics,1996,2745.842,2243.548,mm
Daintree,Wet Tropics,1997,2279.298,2243.963,mm
Daintree,Wet Tropics,1998,2301.004,2244.619,mm
Daintree,Wet Tropics,1999,2895.11,2252.011,mm
Daintree,Wet Tropics,2000,3224.214,2262.934,mm
Daintree,Wet Tropics,2001,2575.853,2266.411,mm
Daintree,Wet Tropics,2002,1196.669,2254.656,mm
Daintree,Wet Tropics,2003,1361.514,2244.948,mm
Daintree,Wet Tropics,2004,2795.766,2250.871,mm
Daintree,Wet Tropics,2005,1837.588,2246.474,mm
Daintree,Wet Tropics,2006,3052.966,2254.963,mm
Daintree,Wet Tropics,2007,2163.056,2254.006,mm
Daintree,Wet Tropics,2008,2477.951,2256.315,mm
Daintree,Wet Tropics,2009,2164.365,2255.376,mm
Daintree,Wet Tropics,2010,2516.851,2258.018,mm
Daintree,Wet Tropics,2011,3687.722,2272.315,mm
Daintree,Wet Tropics,2012,2717.176,2276.719,mm
Daintree,Wet Tropics,2013,1862.778,2272.661,mm
Daintree,Wet Tropics,2014,3335.305,2282.978,mm
Daintree,Wet Tropics,2015,1750.782,2277.861,mm
Daintree,Wet Tropics,2016,2205.563,2277.172,mm
Daintree,Wet Tropics,2017,2102.307,2275.522,mm
Daintree,Wet Tropics,2018,2396.125,2276.65,mm
Daintree,Wet Tropics,2019,3313.688,2286.252,mm
Daintree,Wet Tropics,2020,1476.493,2278.823,mm
Daintree,Wet Tropics,2021,2121.348,2277.391,mm
Daintree,Wet Tropics,2022,2288.283,2277.489,mm
Don,Mackay Whitsunday Isaac,1912,494.887,494.887,mm
Don,Mackay Whitsunday Isaac,1913,1049.741,772.314,mm
Don,Mackay Whitsunday Isaac,1914,911.6,818.743,mm
Don,Mackay Whitsunday Isaac,1915,316.476,693.176,mm
Don,Mackay Whitsunday Isaac,1916,606.06,675.753,mm
Don,Mackay Whitsunday Isaac,1917,1471.254,808.336,mm
Don,Mackay Whitsunday Isaac,1918,1949.95,971.424,mm
Don,Mackay Whitsunday Isaac,1919,684.048,935.502,mm
Don,Mackay Whitsunday Isaac,1920,840.125,924.905,mm
Don,Mackay Whitsunday Isaac,1921,839,916.314,mm
Don,Mackay Whitsunday Isaac,1922,1170.648,939.435,mm
Don,Mackay Whitsunday Isaac,1923,579.592,909.448,mm
Don,Mackay Whitsunday Isaac,1924,857.715,905.469,mm
Don,Mackay Whitsunday Isaac,1925,1029.193,914.306,mm
Don,Mackay Whitsunday Isaac,1926,506.283,887.105,mm
Don,Mackay Whitsunday Isaac,1927,1079.463,899.127,mm
Don,Mackay Whitsunday Isaac,1928,1031.691,906.925,mm
Don,Mackay Whitsunday Isaac,1929,1287.833,928.087,mm
Don,Mackay Whitsunday Isaac,1930,880.467,925.58,mm
Don,Mackay Whitsunday Isaac,1931,348.84,896.743,mm
Don,Mackay Whitsunday Isaac,1932,844.292,894.246,mm
Don,Mackay Whitsunday Isaac,1933,691.69,885.039,mm
Don,Mackay Whitsunday Isaac,1934,1173.061,897.561,mm
Don,Mackay Whitsunday Isaac,1935,449.863,878.907,mm
Don,Mackay Whitsunday Isaac,1936,1249.466,893.73,mm
Don,Mackay Whitsunday Isaac,1937,790.774,889.77,mm
Don,Mackay Whitsunday Isaac,1938,582.793,878.4,mm
Don,Mackay Whitsunday Isaac,1939,649.296,870.218,mm
Don,Mackay Whitsunday Isaac,1940,1529.83,892.963,mm
Don,Mackay Whitsunday Isaac,1941,1257.047,905.099,mm
Don,Mackay Whitsunday Isaac,1942,684.744,897.991,mm
Don,Mackay Whitsunday Isaac,1943,1460.262,915.562,mm
Don,Mackay Whitsunday Isaac,1944,801.853,912.116,mm
Don,Mackay Whitsunday Isaac,1945,755.685,907.515,mm
Don,Mackay Whitsunday Isaac,1946,993.865,909.982,mm
Don,Mackay Whitsunday Isaac,1947,1135.916,916.258,mm
Don,Mackay Whitsunday Isaac,1948,543.188,906.175,mm
Don,Mackay Whitsunday Isaac,1949,988.041,908.33,mm
Don,Mackay Whitsunday Isaac,1950,1165.809,914.932,mm
Don,Mackay Whitsunday Isaac,1951,1561.089,931.086,mm
Don,Mackay Whitsunday Isaac,1952,556.114,921.94,mm
Don,Mackay Whitsunday Isaac,1953,895.766,921.317,mm
Don,Mackay Whitsunday Isaac,1954,1556.568,936.09,mm
Don,Mackay Whitsunday Isaac,1955,1695.801,953.356,mm
Don,Mackay Whitsunday Isaac,1956,1462.034,964.66,mm
Don,Mackay Whitsunday Isaac,1957,982.428,965.047,mm
Don,Mackay Whitsunday Isaac,1958,1406.039,974.429,mm
Don,Mackay Whitsunday Isaac,1959,1003.746,975.04,mm
Don,Mackay Whitsunday Isaac,1960,968.327,974.903,mm
Don,Mackay Whitsunday Isaac,1961,420.45,963.814,mm
Don,Mackay Whitsunday Isaac,1962,921.08,962.976,mm
Don,Mackay Whitsunday Isaac,1963,825.901,960.34,mm
Don,Mackay Whitsunday Isaac,1964,490.244,951.47,mm
Don,Mackay Whitsunday Isaac,1965,661.362,946.098,mm
Don,Mackay Whitsunday Isaac,1966,573.831,939.329,mm
Don,Mackay Whitsunday Isaac,1967,834.878,937.464,mm
Don,Mackay Whitsunday Isaac,1968,1308.749,943.978,mm
Don,Mackay Whitsunday Isaac,1969,276.036,932.462,mm
Don,Mackay Whitsunday Isaac,1970,969.588,933.091,mm
Don,Mackay Whitsunday Isaac,1971,1082.944,935.589,mm
Don,Mackay Whitsunday Isaac,1972,1488.626,944.655,mm
Don,Mackay Whitsunday Isaac,1973,611.6,939.283,mm
Don,Mackay Whitsunday Isaac,1974,1809.65,953.098,mm
Don,Mackay Whitsunday Isaac,1975,774.737,950.311,mm
Don,Mackay Whitsunday Isaac,1976,1617.341,960.573,mm
Don,Mackay Whitsunday Isaac,1977,1218.068,964.475,mm
Don,Mackay Whitsunday Isaac,1978,736.258,961.069,mm
Don,Mackay Whitsunday Isaac,1979,1438.586,968.091,mm
Don,Mackay Whitsunday Isaac,1980,847.809,966.348,mm
Don,Mackay Whitsunday Isaac,1981,857.845,964.798,mm
Don,Mackay Whitsunday Isaac,1982,519.572,958.527,mm
Don,Mackay Whitsunday Isaac,1983,724.519,955.277,mm
Don,Mackay Whitsunday Isaac,1984,376.404,947.347,mm
Don,Mackay Whitsunday Isaac,1985,792.974,945.261,mm
Don,Mackay Whitsunday Isaac,1986,714.257,942.181,mm
Don,Mackay Whitsunday Isaac,1987,416.906,935.269,mm
Don,Mackay Whitsunday Isaac,1988,959.255,935.581,mm
Don,Mackay Whitsunday Isaac,1989,1452.862,942.213,mm
Don,Mackay Whitsunday Isaac,1990,1122.586,944.496,mm
Don,Mackay Whitsunday Isaac,1991,1939.286,956.931,mm
Don,Mackay Whitsunday Isaac,1992,502.082,951.315,mm
Don,Mackay Whitsunday Isaac,1993,509.137,945.923,mm
Don,Mackay Whitsunday Isaac,1994,574.433,941.447,mm
Don,Mackay Whitsunday Isaac,1995,363.327,934.565,mm
Don,Mackay Whitsunday Isaac,1996,779.909,932.745,mm
Don,Mackay Whitsunday Isaac,1997,1067.85,934.316,mm
Don,Mackay Whitsunday Isaac,1998,654.356,931.098,mm
Don,Mackay Whitsunday Isaac,1999,1118.744,933.231,mm
Don,Mackay Whitsunday Isaac,2000,1246.595,936.752,mm
Don,Mackay Whitsunday Isaac,2001,653.383,933.603,mm
Don,Mackay Whitsunday Isaac,2002,516.502,929.02,mm
Don,Mackay Whitsunday Isaac,2003,430.246,923.598,mm
Don,Mackay Whitsunday Isaac,2004,486.38,918.897,mm
Don,Mackay Whitsunday Isaac,2005,664.458,916.19,mm
Don,Mackay Whitsunday Isaac,2006,717.926,914.103,mm
Don,Mackay Whitsunday Isaac,2007,913.892,914.101,mm
Don,Mackay Whitsunday Isaac,2008,1144.677,916.478,mm
Don,Mackay Whitsunday Isaac,2009,1262.807,920.012,mm
Don,Mackay Whitsunday Isaac,2010,793.739,918.736,mm
Don,Mackay Whitsunday Isaac,2011,1700.793,926.557,mm
Don,Mackay Whitsunday Isaac,2012,879.555,926.092,mm
Don,Mackay Whitsunday Isaac,2013,709.353,923.967,mm
Don,Mackay Whitsunday Isaac,2014,627.109,921.085,mm
Don,Mackay Whitsunday Isaac,2015,464.198,916.691,mm
Don,Mackay Whitsunday Isaac,2016,564.13,913.334,mm
Don,Mackay Whitsunday Isaac,2017,988.589,914.044,mm
Don,Mackay Whitsunday Isaac,2018,665.978,911.725,mm
Don,Mackay Whitsunday Isaac,2019,1025.654,912.78,mm
Don,Mackay Whitsunday Isaac,2020,599.501,909.906,mm
Don,Mackay Whitsunday Isaac,2021,736.669,908.331,mm
Don,Mackay Whitsunday Isaac,2022,784.375,907.214,mm
O'Connell,Mackay Whitsunday Isaac,1912,777.925,777.925,mm
O'Connell,Mackay Whitsunday Isaac,1913,1872.017,1324.971,mm
O'Connell,Mackay Whitsunday Isaac,1914,1679.138,1443.027,mm
O'Connell,Mackay Whitsunday Isaac,1915,650.788,1244.967,mm
O'Connell,Mackay Whitsunday Isaac,1916,985.512,1193.076,mm
O'Connell,Mackay Whitsunday Isaac,1917,2205.069,1361.742,mm
O'Connell,Mackay Whitsunday Isaac,1918,3022.299,1598.964,mm
O'Connell,Mackay Whitsunday Isaac,1919,1288.95,1560.212,mm
O'Connell,Mackay Whitsunday Isaac,1920,1075.429,1506.347,mm
O'Connell,Mackay Whitsunday Isaac,1921,1712.407,1526.953,mm
O'Connell,Mackay Whitsunday Isaac,1922,1472.447,1521.998,mm
O'Connell,Mackay Whitsunday Isaac,1923,910.727,1471.059,mm
O'Connell,Mackay Whitsunday Isaac,1924,1261.082,1454.907,mm
O'Connell,Mackay Whitsunday Isaac,1925,1500.748,1458.181,mm
O'Connell,Mackay Whitsunday Isaac,1926,819.793,1415.622,mm
O'Connell,Mackay Whitsunday Isaac,1927,1501.804,1421.008,mm
O'Connell,Mackay Whitsunday Isaac,1928,1937.733,1451.404,mm
O'Connell,Mackay Whitsunday Isaac,1929,2012.146,1482.556,mm
O'Connell,Mackay Whitsunday Isaac,1930,1630.46,1490.341,mm
O'Connell,Mackay Whitsunday Isaac,1931,705.257,1451.087,mm
O'Connell,Mackay Whitsunday Isaac,1932,1500.607,1453.445,mm
O'Connell,Mackay Whitsunday Isaac,1933,1055.096,1435.338,mm
O'Connell,Mackay Whitsunday Isaac,1934,1732.427,1448.255,mm
O'Connell,Mackay Whitsunday Isaac,1935,1072.439,1432.596,mm
O'Connell,Mackay Whitsunday Isaac,1936,2306.775,1467.563,mm
O'Connell,Mackay Whitsunday Isaac,1937,1420.116,1465.738,mm
O'Connell,Mackay Whitsunday Isaac,1938,1135.562,1453.509,mm
O'Connell,Mackay Whitsunday Isaac,1939,1382.396,1450.97,mm
O'Connell,Mackay Whitsunday Isaac,1940,2024.424,1470.744,mm
O'Connell,Mackay Whitsunday Isaac,1941,1808.642,1482.007,mm
O'Connell,Mackay Whitsunday Isaac,1942,1307.321,1476.372,mm
O'Connell,Mackay Whitsunday Isaac,1943,2121.475,1496.532,mm
O'Connell,Mackay Whitsunday Isaac,1944,1212.835,1487.935,mm
O'Connell,Mackay Whitsunday Isaac,1945,880.605,1470.072,mm
O'Connell,Mackay Whitsunday Isaac,1946,1779.027,1478.899,mm
O'Connell,Mackay Whitsunday Isaac,1947,1537.714,1480.533,mm
O'Connell,Mackay Whitsunday Isaac,1948,947.1,1466.116,mm
O'Connell,Mackay Whitsunday Isaac,1949,1185.162,1458.722,mm
O'Connell,Mackay Whitsunday Isaac,1950,2210.929,1478.01,mm
O'Connell,Mackay Whitsunday Isaac,1951,2210.719,1496.328,mm
O'Connell,Mackay Whitsunday Isaac,1952,848.918,1480.537,mm
O'Connell,Mackay Whitsunday Isaac,1953,1299.394,1476.224,mm
O'Connell,Mackay Whitsunday Isaac,1954,2376.026,1497.15,mm
O'Connell,Mackay Whitsunday Isaac,1955,2796.404,1526.678,mm
O'Connell,Mackay Whitsunday Isaac,1956,2541.171,1549.223,mm
O'Connell,Mackay Whitsunday Isaac,1957,1400.189,1545.983,mm
O'Connell,Mackay Whitsunday Isaac,1958,2672.641,1569.954,mm
O'Connell,Mackay Whitsunday Isaac,1959,1609.642,1570.781,mm
O'Connell,Mackay Whitsunday Isaac,1960,1947.439,1578.468,mm
O'Connell,Mackay Whitsunday Isaac,1961,784.198,1562.582,mm
O'Connell,Mackay Whitsunday Isaac,1962,1339.469,1558.208,mm
O'Connell,Mackay Whitsunday Isaac,1963,1923.157,1565.226,mm
O'Connell,Mackay Whitsunday Isaac,1964,913.267,1552.925,mm
O'Connell,Mackay Whitsunday Isaac,1965,886.805,1540.589,mm
O'Connell,Mackay Whitsunday Isaac,1966,924.624,1529.39,mm
O'Connell,Mackay Whitsunday Isaac,1967,1264.953,1524.668,mm
O'Connell,Mackay Whitsunday Isaac,1968,2027.699,1533.493,mm
O'Connell,Mackay Whitsunday Isaac,1969,888.99,1522.381,mm
O'Connell,Mackay Whitsunday Isaac,1970,1932.056,1529.324,mm
O'Connell,Mackay Whitsunday Isaac,1971,1671.304,1531.691,mm
O'Connell,Mackay Whitsunday Isaac,1972,1797.544,1536.049,mm
O'Connell,Mackay Whitsunday Isaac,1973,1086.87,1528.804,mm
O'Connell,Mackay Whitsunday Isaac,1974,2820.925,1549.314,mm
O'Connell,Mackay Whitsunday Isaac,1975,1487.341,1548.346,mm
O'Connell,Mackay Whitsunday Isaac,1976,2447.047,1562.172,mm
O'Connell,Mackay Whitsunday Isaac,1977,1942.665,1567.937,mm
O'Connell,Mackay Whitsunday Isaac,1978,1191.998,1562.326,mm
O'Connell,Mackay Whitsunday Isaac,1979,2914.484,1582.211,mm
O'Connell,Mackay Whitsunday Isaac,1980,1422.174,1579.891,mm
O'Connell,Mackay Whitsunday Isaac,1981,1496.985,1578.707,mm
O'Connell,Mackay Whitsunday Isaac,1982,1116.932,1572.203,mm
O'Connell,Mackay Whitsunday Isaac,1983,1118.098,1565.896,mm
O'Connell,Mackay Whitsunday Isaac,1984,882.71,1556.537,mm
O'Connell,Mackay Whitsunday Isaac,1985,1516.846,1556.001,mm
O'Connell,Mackay Whitsunday Isaac,1986,1418.956,1554.174,mm
O'Connell,Mackay Whitsunday Isaac,1987,969.743,1546.484,mm
O'Connell,Mackay Whitsunday Isaac,1988,1579.5,1546.913,mm
O'Connell,Mackay Whitsunday Isaac,1989,2611.166,1560.557,mm
O'Connell,Mackay Whitsunday Isaac,1990,1860.894,1564.359,mm
O'Connell,Mackay Whitsunday Isaac,1991,3207.567,1584.899,mm
O'Connell,Mackay Whitsunday Isaac,1992,774.031,1574.888,mm
O'Connell,Mackay Whitsunday Isaac,1993,1083.047,1568.89,mm
O'Connell,Mackay Whitsunday Isaac,1994,1208.612,1564.549,mm
O'Connell,Mackay Whitsunday Isaac,1995,942.998,1557.15,mm
O'Connell,Mackay Whitsunday Isaac,1996,1154.588,1552.414,mm
O'Connell,Mackay Whitsunday Isaac,1997,1711.705,1554.266,mm
O'Connell,Mackay Whitsunday Isaac,1998,1119.634,1549.27,mm
O'Connell,Mackay Whitsunday Isaac,1999,2227.911,1556.982,mm
O'Connell,Mackay Whitsunday Isaac,2000,2316.972,1565.521,mm
O'Connell,Mackay Whitsunday Isaac,2001,1402.702,1563.712,mm
O'Connell,Mackay Whitsunday Isaac,2002,1042.858,1557.988,mm
O'Connell,Mackay Whitsunday Isaac,2003,841.202,1550.197,mm
O'Connell,Mackay Whitsunday Isaac,2004,847.553,1542.642,mm
O'Connell,Mackay Whitsunday Isaac,2005,1271.52,1539.758,mm
O'Connell,Mackay Whitsunday Isaac,2006,1117.556,1535.313,mm
O'Connell,Mackay Whitsunday Isaac,2007,1828.394,1538.366,mm
O'Connell,Mackay Whitsunday Isaac,2008,1892.132,1542.013,mm
O'Connell,Mackay Whitsunday Isaac,2009,1851.958,1545.176,mm
O'Connell,Mackay Whitsunday Isaac,2010,1923.176,1548.994,mm
O'Connell,Mackay Whitsunday Isaac,2011,3646.503,1569.969,mm
O'Connell,Mackay Whitsunday Isaac,2012,1995.757,1574.185,mm
O'Connell,Mackay Whitsunday Isaac,2013,1868.792,1577.073,mm
O'Connell,Mackay Whitsunday Isaac,2014,1404.324,1575.396,mm
O'Connell,Mackay Whitsunday Isaac,2015,917.298,1569.068,mm
O'Connell,Mackay Whitsunday Isaac,2016,1442.705,1567.865,mm
O'Connell,Mackay Whitsunday Isaac,2017,2314.827,1574.912,mm
O'Connell,Mackay Whitsunday Isaac,2018,1161.57,1571.049,mm
O'Connell,Mackay Whitsunday Isaac,2019,1941.457,1574.478,mm
O'Connell,Mackay Whitsunday Isaac,2020,1352.309,1572.44,mm
O'Connell,Mackay Whitsunday Isaac,2021,1294.585,1569.914,mm
O'Connell,Mackay Whitsunday Isaac,2022,1269.859,1567.211,mm
Proserpine,Mackay Whitsunday Isaac,1912,683.195,683.195,mm
Proserpine,Mackay Whitsunday Isaac,1913,1605.651,1144.423,mm
Proserpine,Mackay Whitsunday Isaac,1914,1403.016,1230.621,mm
Proserpine,Mackay Whitsunday Isaac,1915,650.031,1085.473,mm
Proserpine,Mackay Whitsunday Isaac,1916,988.048,1065.988,mm
Proserpine,Mackay Whitsunday Isaac,1917,2048.161,1229.684,mm
Proserpine,Mackay Whitsunday Isaac,1918,2746.311,1446.345,mm
Proserpine,Mackay Whitsunday Isaac,1919,1079.059,1400.434,mm
Proserpine,Mackay Whitsunday Isaac,1920,1008.459,1356.881,mm
Proserpine,Mackay Whitsunday Isaac,1921,1534.551,1374.648,mm
Proserpine,Mackay Whitsunday Isaac,1922,1472.873,1383.578,mm
Proserpine,Mackay Whitsunday Isaac,1923,741.593,1330.079,mm
Proserpine,Mackay Whitsunday Isaac,1924,1182.765,1318.747,mm
Proserpine,Mackay Whitsunday Isaac,1925,1605.618,1339.238,mm
Proserpine,Mackay Whitsunday Isaac,1926,733.411,1298.849,mm
Proserpine,Mackay Whitsunday Isaac,1927,1401.206,1305.247,mm
Proserpine,Mackay Whitsunday Isaac,1928,1540.773,1319.101,mm
Proserpine,Mackay Whitsunday Isaac,1929,2106.43,1362.842,mm
Proserpine,Mackay Whitsunday Isaac,1930,1413.314,1365.498,mm
Proserpine,Mackay Whitsunday Isaac,1931,618.789,1328.163,mm
Proserpine,Mackay Whitsunday Isaac,1932,1320.758,1327.81,mm
Proserpine,Mackay Whitsunday Isaac,1933,947.724,1310.533,mm
Proserpine,Mackay Whitsunday Isaac,1934,1616.489,1323.836,mm
Proserpine,Mackay Whitsunday Isaac,1935,991.571,1309.991,mm
Proserpine,Mackay Whitsunday Isaac,1936,2086.983,1341.071,mm
Proserpine,Mackay Whitsunday Isaac,1937,1151.435,1333.777,mm
Proserpine,Mackay Whitsunday Isaac,1938,1019.764,1322.147,mm
Proserpine,Mackay Whitsunday Isaac,1939,1298.383,1321.299,mm
Proserpine,Mackay Whitsunday Isaac,1940,2141.572,1349.584,mm
Proserpine,Mackay Whitsunday Isaac,1941,1622.116,1358.668,mm
Proserpine,Mackay Whitsunday Isaac,1942,1023.87,1347.868,mm
Proserpine,Mackay Whitsunday Isaac,1943,2183.001,1373.966,mm
Proserpine,Mackay Whitsunday Isaac,1944,1207.814,1368.931,mm
Proserpine,Mackay Whitsunday Isaac,1945,991.842,1357.84,mm
Proserpine,Mackay Whitsunday Isaac,1946,1516.364,1362.37,mm
Proserpine,Mackay Whitsunday Isaac,1947,1372.201,1362.643,mm
Proserpine,Mackay Whitsunday Isaac,1948,1073.362,1354.824,mm
Proserpine,Mackay Whitsunday Isaac,1949,1301.821,1353.43,mm
Proserpine,Mackay Whitsunday Isaac,1950,1739.648,1363.333,mm
Proserpine,Mackay Whitsunday Isaac,1951,1806.591,1374.414,mm
Proserpine,Mackay Whitsunday Isaac,1952,786.941,1360.085,mm
Proserpine,Mackay Whitsunday Isaac,1953,1274.121,1358.039,mm
Proserpine,Mackay Whitsunday Isaac,1954,2470.86,1383.918,mm
Proserpine,Mackay Whitsunday Isaac,1955,2270.383,1404.065,mm
Proserpine,Mackay Whitsunday Isaac,1956,2372.368,1425.583,mm
Proserpine,Mackay Whitsunday Isaac,1957,1423.019,1425.527,mm
Proserpine,Mackay Whitsunday Isaac,1958,1808.263,1433.671,mm
Proserpine,Mackay Whitsunday Isaac,1959,1350.003,1431.928,mm
Proserpine,Mackay Whitsunday Isaac,1960,1717.37,1437.753,mm
Proserpine,Mackay Whitsunday Isaac,1961,707.886,1423.156,mm
Proserpine,Mackay Whitsunday Isaac,1962,1441.401,1423.513,mm
Proserpine,Mackay Whitsunday Isaac,1963,1514.21,1425.257,mm
Proserpine,Mackay Whitsunday Isaac,1964,843.471,1414.28,mm
Proserpine,Mackay Whitsunday Isaac,1965,885.231,1404.483,mm
Proserpine,Mackay Whitsunday Isaac,1966,879.657,1394.941,mm
Proserpine,Mackay Whitsunday Isaac,1967,1233.814,1392.064,mm
Proserpine,Mackay Whitsunday Isaac,1968,1775.55,1398.791,mm
Proserpine,Mackay Whitsunday Isaac,1969,613.398,1385.25,mm
Proserpine,Mackay Whitsunday Isaac,1970,1772.949,1391.821,mm
Proserpine,Mackay Whitsunday Isaac,1971,1623.316,1395.68,mm
Proserpine,Mackay Whitsunday Isaac,1972,1778.169,1401.95,mm
Proserpine,Mackay Whitsunday Isaac,1973,1189.087,1398.517,mm
Proserpine,Mackay Whitsunday Isaac,1974,2683.386,1418.911,mm
Proserpine,Mackay Whitsunday Isaac,1975,1301.785,1417.081,mm
Proserpine,Mackay Whitsunday Isaac,1976,2474.106,1433.343,mm
Proserpine,Mackay Whitsunday Isaac,1977,1704.885,1437.457,mm
Proserpine,Mackay Whitsunday Isaac,1978,1027.351,1431.336,mm
Proserpine,Mackay Whitsunday Isaac,1979,2253.783,1443.431,mm
Proserpine,Mackay Whitsunday Isaac,1980,1289.559,1441.201,mm
Proserpine,Mackay Whitsunday Isaac,1981,1383.255,1440.373,mm
Proserpine,Mackay Whitsunday Isaac,1982,1029.429,1434.585,mm
Proserpine,Mackay Whitsunday Isaac,1983,1005.804,1428.63,mm
Proserpine,Mackay Whitsunday Isaac,1984,726.712,1419.015,mm
Proserpine,Mackay Whitsunday Isaac,1985,1300.416,1417.412,mm
Proserpine,Mackay Whitsunday Isaac,1986,1261.646,1415.335,mm
Proserpine,Mackay Whitsunday Isaac,1987,811.384,1407.389,mm
Proserpine,Mackay Whitsunday Isaac,1988,1448.726,1407.925,mm
Proserpine,Mackay Whitsunday Isaac,1989,2156.123,1417.518,mm
Proserpine,Mackay Whitsunday Isaac,1990,1782.234,1422.134,mm
Proserpine,Mackay Whitsunday Isaac,1991,2774.197,1439.035,mm
Proserpine,Mackay Whitsunday Isaac,1992,691.965,1429.812,mm
Proserpine,Mackay Whitsunday Isaac,1993,1058.057,1425.278,mm
Proserpine,Mackay Whitsunday Isaac,1994,1188.469,1422.425,mm
Proserpine,Mackay Whitsunday Isaac,1995,796.684,1414.976,mm
Proserpine,Mackay Whitsunday Isaac,1996,1179.211,1412.202,mm
Proserpine,Mackay Whitsunday Isaac,1997,1500.392,1413.228,mm
Proserpine,Mackay Whitsunday Isaac,1998,992.616,1408.393,mm
Proserpine,Mackay Whitsunday Isaac,1999,2150.752,1416.829,mm
Proserpine,Mackay Whitsunday Isaac,2000,1889.464,1422.14,mm
Proserpine,Mackay Whitsunday Isaac,2001,1076.859,1418.303,mm
Proserpine,Mackay Whitsunday Isaac,2002,943.946,1413.09,mm
Proserpine,Mackay Whitsunday Isaac,2003,758.819,1405.979,mm
Proserpine,Mackay Whitsunday Isaac,2004,828.988,1399.775,mm
Proserpine,Mackay Whitsunday Isaac,2005,1091.318,1396.493,mm
Proserpine,Mackay Whitsunday Isaac,2006,1131.329,1393.702,mm
Proserpine,Mackay Whitsunday Isaac,2007,1494.726,1394.754,mm
Proserpine,Mackay Whitsunday Isaac,2008,2010.823,1401.105,mm
Proserpine,Mackay Whitsunday Isaac,2009,1815.432,1405.333,mm
Proserpine,Mackay Whitsunday Isaac,2010,1460.502,1405.891,mm
Proserpine,Mackay Whitsunday Isaac,2011,3111.959,1422.951,mm
Proserpine,Mackay Whitsunday Isaac,2012,1546.84,1424.178,mm
Proserpine,Mackay Whitsunday Isaac,2013,1522.605,1425.143,mm
Proserpine,Mackay Whitsunday Isaac,2014,1337.165,1424.289,mm
Proserpine,Mackay Whitsunday Isaac,2015,809.327,1418.376,mm
Proserpine,Mackay Whitsunday Isaac,2016,1029.798,1414.675,mm
Proserpine,Mackay Whitsunday Isaac,2017,2150.907,1421.62,mm
Proserpine,Mackay Whitsunday Isaac,2018,1059.471,1418.236,mm
Proserpine,Mackay Whitsunday Isaac,2019,1636.66,1420.258,mm
Proserpine,Mackay Whitsunday Isaac,2020,1046.308,1416.828,mm
Proserpine,Mackay Whitsunday Isaac,2021,1298.063,1415.748,mm
Proserpine,Mackay Whitsunday Isaac,2022,1176.653,1413.594,mm
Pioneer,Mackay Whitsunday Isaac,1912,768.6,768.6,mm
Pioneer,Mackay Whitsunday Isaac,1913,1777.622,1273.111,mm
Pioneer,Mackay Whitsunday Isaac,1914,1586.451,1377.558,mm
Pioneer,Mackay Whitsunday Isaac,1915,547.153,1169.957,mm
Pioneer,Mackay Whitsunday Isaac,1916,832.216,1102.408,mm
Pioneer,Mackay Whitsunday Isaac,1917,2109.503,1270.258,mm
Pioneer,Mackay Whitsunday Isaac,1918,2830.221,1493.109,mm
Pioneer,Mackay Whitsunday Isaac,1919,1266.11,1464.735,mm
Pioneer,Mackay Whitsunday Isaac,1920,1004.28,1413.573,mm
Pioneer,Mackay Whitsunday Isaac,1921,1615.837,1433.799,mm
Pioneer,Mackay Whitsunday Isaac,1922,1387.047,1429.549,mm
Pioneer,Mackay Whitsunday Isaac,1923,933.569,1388.217,mm
Pioneer,Mackay Whitsunday Isaac,1924,1182.103,1372.362,mm
Pioneer,Mackay Whitsunday Isaac,1925,1299.959,1367.191,mm
Pioneer,Mackay Whitsunday Isaac,1926,792.694,1328.891,mm
Pioneer,Mackay Whitsunday Isaac,1927,1284.211,1326.099,mm
Pioneer,Mackay Whitsunday Isaac,1928,1862.72,1357.664,mm
Pioneer,Mackay Whitsunday Isaac,1929,1743.455,1379.097,mm
Pioneer,Mackay Whitsunday Isaac,1930,1594.44,1390.431,mm
Pioneer,Mackay Whitsunday Isaac,1931,739.407,1357.88,mm
Pioneer,Mackay Whitsunday Isaac,1932,1400.63,1359.916,mm
Pioneer,Mackay Whitsunday Isaac,1933,914.883,1339.687,mm
Pioneer,Mackay Whitsunday Isaac,1934,1736.609,1356.944,mm
Pioneer,Mackay Whitsunday Isaac,1935,962.186,1340.496,mm
Pioneer,Mackay Whitsunday Isaac,1936,2074.833,1369.87,mm
Pioneer,Mackay Whitsunday Isaac,1937,1202.537,1363.434,mm
Pioneer,Mackay Whitsunday Isaac,1938,1128.842,1354.745,mm
Pioneer,Mackay Whitsunday Isaac,1939,1328.308,1353.801,mm
Pioneer,Mackay Whitsunday Isaac,1940,1982.868,1375.493,mm
Pioneer,Mackay Whitsunday Isaac,1941,1744.913,1387.807,mm
Pioneer,Mackay Whitsunday Isaac,1942,1460.593,1390.155,mm
Pioneer,Mackay Whitsunday Isaac,1943,1814.774,1403.424,mm
Pioneer,Mackay Whitsunday Isaac,1944,1285.318,1399.845,mm
Pioneer,Mackay Whitsunday Isaac,1945,823.008,1382.879,mm
Pioneer,Mackay Whitsunday Isaac,1946,1805.828,1394.964,mm
Pioneer,Mackay Whitsunday Isaac,1947,1487.662,1397.539,mm
Pioneer,Mackay Whitsunday Isaac,1948,871.695,1383.327,mm
Pioneer,Mackay Whitsunday Isaac,1949,1111.888,1376.183,mm
Pioneer,Mackay Whitsunday Isaac,1950,2056.671,1393.632,mm
Pioneer,Mackay Whitsunday Isaac,1951,2152.823,1412.612,mm
Pioneer,Mackay Whitsunday Isaac,1952,869.433,1399.363,mm
Pioneer,Mackay Whitsunday Isaac,1953,1157.79,1393.612,mm
Pioneer,Mackay Whitsunday Isaac,1954,2136.683,1410.892,mm
Pioneer,Mackay Whitsunday Isaac,1955,2784.573,1442.112,mm
Pioneer,Mackay Whitsunday Isaac,1956,2356.091,1462.423,mm
Pioneer,Mackay Whitsunday Isaac,1957,1203.868,1456.802,mm
Pioneer,Mackay Whitsunday Isaac,1958,2859.121,1486.639,mm
Pioneer,Mackay Whitsunday Isaac,1959,1384.768,1484.517,mm
Pioneer,Mackay Whitsunday Isaac,1960,1502.743,1484.889,mm
Pioneer,Mackay Whitsunday Isaac,1961,891.393,1473.019,mm
Pioneer,Mackay Whitsunday Isaac,1962,1103.449,1465.772,mm
Pioneer,Mackay Whitsunday Isaac,1963,1811.08,1472.413,mm
Pioneer,Mackay Whitsunday Isaac,1964,973.047,1462.991,mm
Pioneer,Mackay Whitsunday Isaac,1965,841.135,1451.475,mm
Pioneer,Mackay Whitsunday Isaac,1966,812.936,1439.865,mm
Pioneer,Mackay Whitsunday Isaac,1967,1159.969,1434.867,mm
Pioneer,Mackay Whitsunday Isaac,1968,1855.813,1442.252,mm
Pioneer,Mackay Whitsunday Isaac,1969,866.501,1432.325,mm
Pioneer,Mackay Whitsunday Isaac,1970,1568.203,1434.628,mm
Pioneer,Mackay Whitsunday Isaac,1971,1507.893,1435.849,mm
Pioneer,Mackay Whitsunday Isaac,1972,1692.816,1440.062,mm
Pioneer,Mackay Whitsunday Isaac,1973,916.329,1431.615,mm
Pioneer,Mackay Whitsunday Isaac,1974,2852.915,1454.175,mm
Pioneer,Mackay Whitsunday Isaac,1975,1309.933,1451.921,mm
Pioneer,Mackay Whitsunday Isaac,1976,2374.442,1466.114,mm
Pioneer,Mackay Whitsunday Isaac,1977,1754.554,1470.484,mm
Pioneer,Mackay Whitsunday Isaac,1978,1199.84,1466.445,mm
Pioneer,Mackay Whitsunday Isaac,1979,2824.528,1486.416,mm
Pioneer,Mackay Whitsunday Isaac,1980,1290.036,1483.57,mm
Pioneer,Mackay Whitsunday Isaac,1981,1462.009,1483.262,mm
Pioneer,Mackay Whitsunday Isaac,1982,973.9,1476.088,mm
Pioneer,Mackay Whitsunday Isaac,1983,1198.783,1472.237,mm
Pioneer,Mackay Whitsunday Isaac,1984,804.483,1463.089,mm
Pioneer,Mackay Whitsunday Isaac,1985,1417.887,1462.479,mm
Pioneer,Mackay Whitsunday Isaac,1986,1280.542,1460.053,mm
Pioneer,Mackay Whitsunday Isaac,1987,906.157,1452.765,mm
Pioneer,Mackay Whitsunday Isaac,1988,1586.604,1454.503,mm
Pioneer,Mackay Whitsunday Isaac,1989,2244.56,1464.632,mm
Pioneer,Mackay Whitsunday Isaac,1990,1670.812,1467.242,mm
Pioneer,Mackay Whitsunday Isaac,1991,3213.734,1489.073,mm
Pioneer,Mackay Whitsunday Isaac,1992,680.112,1479.086,mm
Pioneer,Mackay Whitsunday Isaac,1993,961.378,1472.772,mm
Pioneer,Mackay Whitsunday Isaac,1994,1241.311,1469.983,mm
Pioneer,Mackay Whitsunday Isaac,1995,863.307,1462.761,mm
Pioneer,Mackay Whitsunday Isaac,1996,1130.269,1458.849,mm
Pioneer,Mackay Whitsunday Isaac,1997,1624.861,1460.78,mm
Pioneer,Mackay Whitsunday Isaac,1998,1069.837,1456.286,mm
Pioneer,Mackay Whitsunday Isaac,1999,1970.421,1462.129,mm
Pioneer,Mackay Whitsunday Isaac,2000,2206.938,1470.497,mm
Pioneer,Mackay Whitsunday Isaac,2001,1473.613,1470.532,mm
Pioneer,Mackay Whitsunday Isaac,2002,998.12,1465.341,mm
Pioneer,Mackay Whitsunday Isaac,2003,755.674,1457.627,mm
Pioneer,Mackay Whitsunday Isaac,2004,724.173,1449.74,mm
Pioneer,Mackay Whitsunday Isaac,2005,1041.572,1445.398,mm
Pioneer,Mackay Whitsunday Isaac,2006,960.027,1440.289,mm
Pioneer,Mackay Whitsunday Isaac,2007,1703.731,1443.033,mm
Pioneer,Mackay Whitsunday Isaac,2008,1779.951,1446.506,mm
Pioneer,Mackay Whitsunday Isaac,2009,1590.108,1447.972,mm
Pioneer,Mackay Whitsunday Isaac,2010,1820.58,1451.735,mm
Pioneer,Mackay Whitsunday Isaac,2011,3318.447,1470.402,mm
Pioneer,Mackay Whitsunday Isaac,2012,1933.894,1474.992,mm
Pioneer,Mackay Whitsunday Isaac,2013,1704.363,1477.24,mm
Pioneer,Mackay Whitsunday Isaac,2014,1220.327,1474.746,mm
Pioneer,Mackay Whitsunday Isaac,2015,871.938,1468.95,mm
Pioneer,Mackay Whitsunday Isaac,2016,1282.611,1467.175,mm
Pioneer,Mackay Whitsunday Isaac,2017,2056.029,1472.73,mm
Pioneer,Mackay Whitsunday Isaac,2018,955.851,1467.9,mm
Pioneer,Mackay Whitsunday Isaac,2019,1495.396,1468.154,mm
Pioneer,Mackay Whitsunday Isaac,2020,1236.753,1466.031,mm
Pioneer,Mackay Whitsunday Isaac,2021,1020.236,1461.979,mm
Pioneer,Mackay Whitsunday Isaac,2022,1067.988,1458.429,mm
Mossman,Wet Tropics,1912,1244.433,1244.433,mm
Mossman,Wet Tropics,1913,2184.193,1714.313,mm
Mossman,Wet Tropics,1914,2477.159,1968.595,mm
Mossman,Wet Tropics,1915,750.642,1664.107,mm
Mossman,Wet Tropics,1916,1360.976,1603.481,mm
Mossman,Wet Tropics,1917,2093.239,1685.107,mm
Mossman,Wet Tropics,1918,1750.464,1694.444,mm
Mossman,Wet Tropics,1919,1465.078,1665.773,mm
Mossman,Wet Tropics,1920,1861.359,1687.505,mm
Mossman,Wet Tropics,1921,2200.939,1738.848,mm
Mossman,Wet Tropics,1922,1959.267,1758.886,mm
Mossman,Wet Tropics,1923,1200.74,1712.374,mm
Mossman,Wet Tropics,1924,1192.372,1672.374,mm
Mossman,Wet Tropics,1925,2406.818,1724.834,mm
Mossman,Wet Tropics,1926,965.039,1674.181,mm
Mossman,Wet Tropics,1927,1819.855,1683.286,mm
Mossman,Wet Tropics,1928,1620.116,1679.57,mm
Mossman,Wet Tropics,1929,2157.894,1706.143,mm
Mossman,Wet Tropics,1930,2114.019,1727.611,mm
Mossman,Wet Tropics,1931,1646.341,1723.547,mm
Mossman,Wet Tropics,1932,1947.663,1734.219,mm
Mossman,Wet Tropics,1933,1951.88,1744.113,mm
Mossman,Wet Tropics,1934,2917.831,1795.144,mm
Mossman,Wet Tropics,1935,1834.232,1796.773,mm
Mossman,Wet Tropics,1936,2061.519,1807.363,mm
Mossman,Wet Tropics,1937,1534.199,1796.856,mm
Mossman,Wet Tropics,1938,1284.123,1777.866,mm
Mossman,Wet Tropics,1939,2858.993,1816.478,mm
Mossman,Wet Tropics,1940,2469.117,1838.983,mm
Mossman,Wet Tropics,1941,2011.366,1844.729,mm
Mossman,Wet Tropics,1942,1062.068,1819.482,mm
Mossman,Wet Tropics,1943,1785.873,1818.431,mm
Mossman,Wet Tropics,1944,1701.134,1814.877,mm
Mossman,Wet Tropics,1945,2779.43,1843.246,mm
Mossman,Wet Tropics,1946,1381.105,1830.042,mm
Mossman,Wet Tropics,1947,1226.479,1813.277,mm
Mossman,Wet Tropics,1948,1628.508,1808.283,mm
Mossman,Wet Tropics,1949,2268.475,1820.393,mm
Mossman,Wet Tropics,1950,2337.863,1833.662,mm
Mossman,Wet Tropics,1951,1999.754,1837.814,mm
Mossman,Wet Tropics,1952,1475.605,1828.98,mm
Mossman,Wet Tropics,1953,2247.075,1838.934,mm
Mossman,Wet Tropics,1954,1688.09,1835.426,mm
Mossman,Wet Tropics,1955,1917.112,1837.283,mm
Mossman,Wet Tropics,1956,1879.176,1838.214,mm
Mossman,Wet Tropics,1957,2229.09,1846.711,mm
Mossman,Wet Tropics,1958,1755.408,1844.768,mm
Mossman,Wet Tropics,1959,1927.289,1846.487,mm
Mossman,Wet Tropics,1960,1830.107,1846.153,mm
Mossman,Wet Tropics,1961,923.045,1827.691,mm
Mossman,Wet Tropics,1962,1709.836,1825.38,mm
Mossman,Wet Tropics,1963,2446.755,1837.33,mm
Mossman,Wet Tropics,1964,2076.704,1841.846,mm
Mossman,Wet Tropics,1965,2075.067,1846.165,mm
Mossman,Wet Tropics,1966,1047.956,1831.652,mm
Mossman,Wet Tropics,1967,2008.016,1834.802,mm
Mossman,Wet Tropics,1968,2092.423,1839.321,mm
Mossman,Wet Tropics,1969,1687.157,1836.698,mm
Mossman,Wet Tropics,1970,1665.248,1833.792,mm
Mossman,Wet Tropics,1971,2381.516,1842.921,mm
Mossman,Wet Tropics,1972,2352.252,1851.27,mm
Mossman,Wet Tropics,1973,2088.764,1855.101,mm
Mossman,Wet Tropics,1974,2961.031,1872.655,mm
Mossman,Wet Tropics,1975,1706.173,1870.054,mm
Mossman,Wet Tropics,1976,2425.061,1878.592,mm
Mossman,Wet Tropics,1977,2463.593,1887.456,mm
Mossman,Wet Tropics,1978,1320.72,1878.997,mm
Mossman,Wet Tropics,1979,3745.326,1906.443,mm
Mossman,Wet Tropics,1980,1357.929,1898.494,mm
Mossman,Wet Tropics,1981,2480.678,1906.811,mm
Mossman,Wet Tropics,1982,2000.463,1908.13,mm
Mossman,Wet Tropics,1983,1622.552,1904.163,mm
Mossman,Wet Tropics,1984,1556.791,1899.405,mm
Mossman,Wet Tropics,1985,2148.73,1902.774,mm
Mossman,Wet Tropics,1986,1650.041,1899.404,mm
Mossman,Wet Tropics,1987,1621.847,1895.752,mm
Mossman,Wet Tropics,1988,1293.434,1887.93,mm
Mossman,Wet Tropics,1989,2432.526,1894.912,mm
Mossman,Wet Tropics,1990,2066.473,1897.084,mm
Mossman,Wet Tropics,1991,1945.646,1897.691,mm
Mossman,Wet Tropics,1992,1096.014,1887.794,mm
Mossman,Wet Tropics,1993,1890.914,1887.832,mm
Mossman,Wet Tropics,1994,1761.791,1886.313,mm
Mossman,Wet Tropics,1995,1971.436,1887.326,mm
Mossman,Wet Tropics,1996,2225.2,1891.301,mm
Mossman,Wet Tropics,1997,2015.349,1892.744,mm
Mossman,Wet Tropics,1998,2229.923,1896.619,mm
Mossman,Wet Tropics,1999,2227.686,1900.382,mm
Mossman,Wet Tropics,2000,2816.141,1910.671,mm
Mossman,Wet Tropics,2001,2283.971,1914.819,mm
Mossman,Wet Tropics,2002,994.107,1904.701,mm
Mossman,Wet Tropics,2003,1257.354,1897.665,mm
Mossman,Wet Tropics,2004,2474.68,1903.869,mm
Mossman,Wet Tropics,2005,1604.33,1900.683,mm
Mossman,Wet Tropics,2006,2757.664,1909.703,mm
Mossman,Wet Tropics,2007,1891.363,1909.512,mm
Mossman,Wet Tropics,2008,2191.265,1912.417,mm
Mossman,Wet Tropics,2009,2136.676,1914.705,mm
Mossman,Wet Tropics,2010,2156.274,1917.145,mm
Mossman,Wet Tropics,2011,3006.416,1928.038,mm
Mossman,Wet Tropics,2012,2598.276,1934.674,mm
Mossman,Wet Tropics,2013,1503.51,1930.447,mm
Mossman,Wet Tropics,2014,2401.653,1935.022,mm
Mossman,Wet Tropics,2015,1376.662,1929.653,mm
Mossman,Wet Tropics,2016,1884.169,1929.22,mm
Mossman,Wet Tropics,2017,1817.692,1928.168,mm
Mossman,Wet Tropics,2018,2314.347,1931.777,mm
Mossman,Wet Tropics,2019,3008.201,1941.744,mm
Mossman,Wet Tropics,2020,1367.835,1936.479,mm
Mossman,Wet Tropics,2021,2005.338,1937.105,mm
Mossman,Wet Tropics,2022,1958.89,1937.301,mm
Tully,Wet Tropics,1912,2290.429,2290.429,mm
Tully,Wet Tropics,1913,3631.208,2960.819,mm
Tully,Wet Tropics,1914,2774.241,2898.626,mm
Tully,Wet Tropics,1915,1388.674,2521.138,mm
Tully,Wet Tropics,1916,2036.42,2424.194,mm
Tully,Wet Tropics,1917,3018.571,2523.257,mm
Tully,Wet Tropics,1918,3179.646,2617.027,mm
Tully,Wet Tropics,1919,2095.367,2551.819,mm
Tully,Wet Tropics,1920,2467.629,2542.465,mm
Tully,Wet Tropics,1921,3594.283,2647.647,mm
Tully,Wet Tropics,1922,3029.317,2682.344,mm
Tully,Wet Tropics,1923,1652.483,2596.522,mm
Tully,Wet Tropics,1924,2375.636,2579.531,mm
Tully,Wet Tropics,1925,3027.884,2611.556,mm
Tully,Wet Tropics,1926,1538.56,2540.023,mm
Tully,Wet Tropics,1927,3346.277,2590.414,mm
Tully,Wet Tropics,1928,2208.738,2567.963,mm
Tully,Wet Tropics,1929,3182.991,2602.131,mm
Tully,Wet Tropics,1930,2819.053,2613.548,mm
Tully,Wet Tropics,1931,2239.63,2594.852,mm
Tully,Wet Tropics,1932,2806.128,2604.913,mm
Tully,Wet Tropics,1933,2777.691,2612.766,mm
Tully,Wet Tropics,1934,4498.734,2694.765,mm
Tully,Wet Tropics,1935,2877.615,2702.384,mm
Tully,Wet Tropics,1936,3327.835,2727.402,mm
Tully,Wet Tropics,1937,2277.55,2710.1,mm
Tully,Wet Tropics,1938,2107.521,2687.782,mm
Tully,Wet Tropics,1939,3629.698,2721.422,mm
Tully,Wet Tropics,1940,3429.234,2745.829,mm
Tully,Wet Tropics,1941,3179.008,2760.268,mm
Tully,Wet Tropics,1942,2082.696,2738.411,mm
Tully,Wet Tropics,1943,2394.5,2727.664,mm
Tully,Wet Tropics,1944,2059.783,2707.425,mm
Tully,Wet Tropics,1945,3728.835,2737.467,mm
Tully,Wet Tropics,1946,2632.726,2734.474,mm
Tully,Wet Tropics,1947,1896.682,2711.202,mm
Tully,Wet Tropics,1948,2814.033,2713.981,mm
Tully,Wet Tropics,1949,2954.359,2720.307,mm
Tully,Wet Tropics,1950,3130.548,2730.826,mm
Tully,Wet Tropics,1951,2819.207,2733.035,mm
Tully,Wet Tropics,1952,1934.402,2713.557,mm
Tully,Wet Tropics,1953,2788.45,2715.34,mm
Tully,Wet Tropics,1954,2685.061,2714.636,mm
Tully,Wet Tropics,1955,3632.361,2735.493,mm
Tully,Wet Tropics,1956,2910.567,2739.384,mm
Tully,Wet Tropics,1957,3228.023,2750.006,mm
Tully,Wet Tropics,1958,2644.753,2747.767,mm
Tully,Wet Tropics,1959,2708.03,2746.939,mm
Tully,Wet Tropics,1960,2497.988,2741.858,mm
Tully,Wet Tropics,1961,1597.834,2718.978,mm
Tully,Wet Tropics,1962,2281.918,2710.408,mm
Tully,Wet Tropics,1963,3069.187,2717.308,mm
Tully,Wet Tropics,1964,2363.842,2710.638,mm
Tully,Wet Tropics,1965,3247.933,2720.588,mm
Tully,Wet Tropics,1966,1773.679,2703.372,mm
Tully,Wet Tropics,1967,3045.888,2709.488,mm
Tully,Wet Tropics,1968,2302.668,2702.351,mm
Tully,Wet Tropics,1969,2189.254,2693.504,mm
Tully,Wet Tropics,1970,2254.291,2686.06,mm
Tully,Wet Tropics,1971,3056.447,2692.233,mm
Tully,Wet Tropics,1972,2997.397,2697.236,mm
Tully,Wet Tropics,1973,2631.225,2696.171,mm
Tully,Wet Tropics,1974,4134.386,2719,mm
Tully,Wet Tropics,1975,2404.433,2714.085,mm
Tully,Wet Tropics,1976,3016.8,2718.742,mm
Tully,Wet Tropics,1977,3756.241,2734.462,mm
Tully,Wet Tropics,1978,2286.454,2727.775,mm
Tully,Wet Tropics,1979,3854.927,2744.351,mm
Tully,Wet Tropics,1980,1931.513,2732.571,mm
Tully,Wet Tropics,1981,3370.034,2741.677,mm
Tully,Wet Tropics,1982,2953.814,2744.665,mm
Tully,Wet Tropics,1983,1987.651,2734.151,mm
Tully,Wet Tropics,1984,2544.689,2731.556,mm
Tully,Wet Tropics,1985,2542.844,2729.005,mm
Tully,Wet Tropics,1986,2827.344,2730.317,mm
Tully,Wet Tropics,1987,2127.515,2722.385,mm
Tully,Wet Tropics,1988,2136.96,2714.782,mm
Tully,Wet Tropics,1989,3504.625,2724.908,mm
Tully,Wet Tropics,1990,2965.111,2727.949,mm
Tully,Wet Tropics,1991,3002.991,2731.387,mm
Tully,Wet Tropics,1992,1524.297,2716.485,mm
Tully,Wet Tropics,1993,2001.498,2707.765,mm
Tully,Wet Tropics,1994,2565.151,2706.047,mm
Tully,Wet Tropics,1995,2014.527,2697.815,mm
Tully,Wet Tropics,1996,2690.908,2697.733,mm
Tully,Wet Tropics,1997,2794.53,2698.859,mm
Tully,Wet Tropics,1998,2777.242,2699.76,mm
Tully,Wet Tropics,1999,4063.913,2715.262,mm
Tully,Wet Tropics,2000,3983.309,2729.509,mm
Tully,Wet Tropics,2001,2800.55,2730.299,mm
Tully,Wet Tropics,2002,1529.77,2717.106,mm
Tully,Wet Tropics,2003,1647.023,2705.475,mm
Tully,Wet Tropics,2004,2760.247,2706.064,mm
Tully,Wet Tropics,2005,1895.328,2697.439,mm
Tully,Wet Tropics,2006,2781.397,2698.323,mm
Tully,Wet Tropics,2007,2745.163,2698.81,mm
Tully,Wet Tropics,2008,2497.284,2696.733,mm
Tully,Wet Tropics,2009,3013.361,2699.964,mm
Tully,Wet Tropics,2010,2189.631,2694.809,mm
Tully,Wet Tropics,2011,4208.676,2709.948,mm
Tully,Wet Tropics,2012,2746.587,2710.31,mm
Tully,Wet Tropics,2013,2130.996,2704.631,mm
Tully,Wet Tropics,2014,2781.531,2705.377,mm
Tully,Wet Tropics,2015,1708.121,2695.788,mm
Tully,Wet Tropics,2016,1973.805,2688.912,mm
Tully,Wet Tropics,2017,2344.595,2685.664,mm
Tully,Wet Tropics,2018,2999.18,2688.594,mm
Tully,Wet Tropics,2019,2693.705,2688.641,mm
Tully,Wet Tropics,2020,1918.563,2681.576,mm
Tully,Wet Tropics,2021,3036.982,2684.807,mm
Tully,Wet Tropics,2022,2442.681,2682.626,mm
Herbert,Wet Tropics,1912,975.24,975.24,mm
Herbert,Wet Tropics,1913,1561.645,1268.443,mm
Herbert,Wet Tropics,1914,1260.129,1265.671,mm
Herbert,Wet Tropics,1915,502.821,1074.959,mm
Herbert,Wet Tropics,1916,891.11,1038.189,mm
Herbert,Wet Tropics,1917,1557.626,1124.762,mm
Herbert,Wet Tropics,1918,1687.688,1205.18,mm
Herbert,Wet Tropics,1919,769.877,1150.767,mm
Herbert,Wet Tropics,1920,1186.493,1154.737,mm
Herbert,Wet Tropics,1921,1233.569,1162.62,mm
Herbert,Wet Tropics,1922,1395.856,1183.823,mm
Herbert,Wet Tropics,1923,669.011,1140.922,mm
Herbert,Wet Tropics,1924,921.005,1124.005,mm
Herbert,Wet Tropics,1925,1333.758,1138.988,mm
Herbert,Wet Tropics,1926,662.162,1107.199,mm
Herbert,Wet Tropics,1927,1719.819,1145.488,mm
Herbert,Wet Tropics,1928,1019.64,1138.085,mm
Herbert,Wet Tropics,1929,1501.413,1158.27,mm
Herbert,Wet Tropics,1930,1264.573,1163.865,mm
Herbert,Wet Tropics,1931,839.464,1147.645,mm
Herbert,Wet Tropics,1932,1086.962,1144.755,mm
Herbert,Wet Tropics,1933,1067.3,1141.235,mm
Herbert,Wet Tropics,1934,1907.843,1174.565,mm
Herbert,Wet Tropics,1935,959.877,1165.62,mm
Herbert,Wet Tropics,1936,1389.76,1174.586,mm
Herbert,Wet Tropics,1937,1008.095,1168.182,mm
Herbert,Wet Tropics,1938,1159.22,1167.85,mm
Herbert,Wet Tropics,1939,1448.948,1177.889,mm
Herbert,Wet Tropics,1940,1683.717,1195.332,mm
Herbert,Wet Tropics,1941,1362.511,1200.904,mm
Herbert,Wet Tropics,1942,937.887,1192.42,mm
Herbert,Wet Tropics,1943,1214.137,1193.099,mm
Herbert,Wet Tropics,1944,961.523,1186.081,mm
Herbert,Wet Tropics,1945,1645.906,1199.605,mm
Herbert,Wet Tropics,1946,1273.698,1201.722,mm
Herbert,Wet Tropics,1947,995.522,1195.995,mm
Herbert,Wet Tropics,1948,1156.25,1194.92,mm
Herbert,Wet Tropics,1949,1385.182,1199.927,mm
Herbert,Wet Tropics,1950,1639.014,1211.186,mm
Herbert,Wet Tropics,1951,1347.932,1214.605,mm
Herbert,Wet Tropics,1952,756.386,1203.429,mm
Herbert,Wet Tropics,1953,1341.025,1206.705,mm
Herbert,Wet Tropics,1954,1310.445,1209.117,mm
Herbert,Wet Tropics,1955,1655.847,1219.27,mm
Herbert,Wet Tropics,1956,1809.575,1232.388,mm
Herbert,Wet Tropics,1957,1465.29,1237.451,mm
Herbert,Wet Tropics,1958,1210.869,1236.886,mm
Herbert,Wet Tropics,1959,1192.849,1235.968,mm
Herbert,Wet Tropics,1960,1192.635,1235.084,mm
Herbert,Wet Tropics,1961,761.621,1225.614,mm
Herbert,Wet Tropics,1962,1068.422,1222.532,mm
Herbert,Wet Tropics,1963,1621.964,1230.214,mm
Herbert,Wet Tropics,1964,1017.858,1226.207,mm
Herbert,Wet Tropics,1965,1309.694,1227.753,mm
Herbert,Wet Tropics,1966,813.699,1220.225,mm
Herbert,Wet Tropics,1967,1316.406,1221.942,mm
Herbert,Wet Tropics,1968,1222.66,1221.955,mm
Herbert,Wet Tropics,1969,911.759,1216.607,mm
Herbert,Wet Tropics,1970,918.122,1211.548,mm
Herbert,Wet Tropics,1971,1568.836,1217.502,mm
Herbert,Wet Tropics,1972,1655.736,1224.687,mm
Herbert,Wet Tropics,1973,1079.879,1222.351,mm
Herbert,Wet Tropics,1974,2313.931,1239.678,mm
Herbert,Wet Tropics,1975,1122.023,1237.839,mm
Herbert,Wet Tropics,1976,1501.598,1241.897,mm
Herbert,Wet Tropics,1977,1866.798,1251.365,mm
Herbert,Wet Tropics,1978,943.753,1246.774,mm
Herbert,Wet Tropics,1979,1758.527,1254.3,mm
Herbert,Wet Tropics,1980,1035.085,1251.123,mm
Herbert,Wet Tropics,1981,1734.942,1258.035,mm
Herbert,Wet Tropics,1982,1268.312,1258.179,mm
Herbert,Wet Tropics,1983,950.739,1253.909,mm
Herbert,Wet Tropics,1984,1134.365,1252.272,mm
Herbert,Wet Tropics,1985,984.525,1248.653,mm
Herbert,Wet Tropics,1986,1247.823,1248.642,mm
Herbert,Wet Tropics,1987,823.173,1243.044,mm
Herbert,Wet Tropics,1988,845.429,1237.88,mm
Herbert,Wet Tropics,1989,1639.811,1243.033,mm
Herbert,Wet Tropics,1990,1461.879,1245.803,mm
Herbert,Wet Tropics,1991,1674.103,1251.157,mm
Herbert,Wet Tropics,1992,782.623,1245.373,mm
Herbert,Wet Tropics,1993,814.743,1240.121,mm
Herbert,Wet Tropics,1994,1061.129,1237.965,mm
Herbert,Wet Tropics,1995,836.929,1233.19,mm
Herbert,Wet Tropics,1996,1083.216,1231.426,mm
Herbert,Wet Tropics,1997,1329.45,1232.566,mm
Herbert,Wet Tropics,1998,1497.085,1235.606,mm
Herbert,Wet Tropics,1999,1797.971,1241.997,mm
Herbert,Wet Tropics,2000,1949.238,1249.943,mm
Herbert,Wet Tropics,2001,1309.065,1250.6,mm
Herbert,Wet Tropics,2002,783.806,1245.471,mm
Herbert,Wet Tropics,2003,661.686,1239.125,mm
Herbert,Wet Tropics,2004,1148.782,1238.154,mm
Herbert,Wet Tropics,2005,833.67,1233.851,mm
Herbert,Wet Tropics,2006,1389.363,1235.488,mm
Herbert,Wet Tropics,2007,1343.853,1236.617,mm
Herbert,Wet Tropics,2008,1202.643,1236.266,mm
Herbert,Wet Tropics,2009,1894.029,1242.978,mm
Herbert,Wet Tropics,2010,1115.01,1241.686,mm
Herbert,Wet Tropics,2011,2298.746,1252.256,mm
Herbert,Wet Tropics,2012,1336.286,1253.088,mm
Herbert,Wet Tropics,2013,1031.589,1250.917,mm
Herbert,Wet Tropics,2014,1198.387,1250.407,mm
Herbert,Wet Tropics,2015,712.565,1245.235,mm
Herbert,Wet Tropics,2016,919.423,1242.132,mm
Herbert,Wet Tropics,2017,1068.684,1240.496,mm
Herbert,Wet Tropics,2018,1471.538,1242.655,mm
Herbert,Wet Tropics,2019,1567.309,1245.661,mm
Herbert,Wet Tropics,2020,918.406,1242.659,mm
Herbert,Wet Tropics,2021,1607.045,1245.971,mm
Herbert,Wet Tropics,2022,1197.574,1245.535,mm
Barron,Wet Tropics,1912,885.137,885.137,mm
Barron,Wet Tropics,1913,1914.948,1400.043,mm
Barron,Wet Tropics,1914,1504.5,1434.862,mm
Barron,Wet Tropics,1915,550.445,1213.757,mm
Barron,Wet Tropics,1916,1015,1174.006,mm
Barron,Wet Tropics,1917,1466.74,1222.795,mm
Barron,Wet Tropics,1918,1505.319,1263.156,mm
Barron,Wet Tropics,1919,907.122,1218.651,mm
Barron,Wet Tropics,1920,1109.068,1206.475,mm
Barron,Wet Tropics,1921,1984.296,1284.257,mm
Barron,Wet Tropics,1922,1440.129,1298.428,mm
Barron,Wet Tropics,1923,965.435,1270.678,mm
Barron,Wet Tropics,1924,909.588,1242.902,mm
Barron,Wet Tropics,1925,1768.162,1280.421,mm
Barron,Wet Tropics,1926,940.87,1257.784,mm
Barron,Wet Tropics,1927,1676.096,1283.928,mm
Barron,Wet Tropics,1928,1117.165,1274.119,mm
Barron,Wet Tropics,1929,1806.046,1303.67,mm
Barron,Wet Tropics,1930,1448.892,1311.314,mm
Barron,Wet Tropics,1931,1115.712,1301.533,mm
Barron,Wet Tropics,1932,1527.219,1312.28,mm
Barron,Wet Tropics,1933,1460.055,1318.997,mm
Barron,Wet Tropics,1934,2331.162,1363.005,mm
Barron,Wet Tropics,1935,1275.487,1359.358,mm
Barron,Wet Tropics,1936,1514.75,1365.574,mm
Barron,Wet Tropics,1937,978.842,1350.699,mm
Barron,Wet Tropics,1938,1120.088,1342.158,mm
Barron,Wet Tropics,1939,2096.369,1369.094,mm
Barron,Wet Tropics,1940,1668.48,1379.418,mm
Barron,Wet Tropics,1941,1477.54,1382.689,mm
Barron,Wet Tropics,1942,834.3,1364.999,mm
Barron,Wet Tropics,1943,1242.469,1361.17,mm
Barron,Wet Tropics,1944,1107.902,1353.495,mm
Barron,Wet Tropics,1945,2170.767,1377.532,mm
Barron,Wet Tropics,1946,1096.327,1369.498,mm
Barron,Wet Tropics,1947,809.053,1353.93,mm
Barron,Wet Tropics,1948,1213.276,1350.129,mm
Barron,Wet Tropics,1949,1698.92,1359.307,mm
Barron,Wet Tropics,1950,1609.073,1365.712,mm
Barron,Wet Tropics,1951,1365.571,1365.708,mm
Barron,Wet Tropics,1952,992.845,1356.614,mm
Barron,Wet Tropics,1953,1593.909,1362.264,mm
Barron,Wet Tropics,1954,1170.805,1357.811,mm
Barron,Wet Tropics,1955,1641.125,1364.25,mm
Barron,Wet Tropics,1956,1584.721,1369.149,mm
Barron,Wet Tropics,1957,1572.461,1373.569,mm
Barron,Wet Tropics,1958,1554.419,1377.417,mm
Barron,Wet Tropics,1959,1411.121,1378.119,mm
Barron,Wet Tropics,1960,1350.811,1377.562,mm
Barron,Wet Tropics,1961,769.847,1365.408,mm
Barron,Wet Tropics,1962,1234.204,1362.835,mm
Barron,Wet Tropics,1963,1781.333,1370.883,mm
Barron,Wet Tropics,1964,1478.937,1372.922,mm
Barron,Wet Tropics,1965,1536.208,1375.946,mm
Barron,Wet Tropics,1966,702.033,1363.693,mm
Barron,Wet Tropics,1967,1747.633,1370.549,mm
Barron,Wet Tropics,1968,1413.465,1371.302,mm
Barron,Wet Tropics,1969,1037.958,1365.554,mm
Barron,Wet Tropics,1970,1219.173,1363.073,mm
Barron,Wet Tropics,1971,1823.024,1370.739,mm
Barron,Wet Tropics,1972,2050.535,1381.883,mm
Barron,Wet Tropics,1973,1248.029,1379.724,mm
Barron,Wet Tropics,1974,2612.543,1399.293,mm
Barron,Wet Tropics,1975,1275.004,1397.351,mm
Barron,Wet Tropics,1976,1701.381,1402.028,mm
Barron,Wet Tropics,1977,2382.545,1416.885,mm
Barron,Wet Tropics,1978,893.028,1409.066,mm
Barron,Wet Tropics,1979,2622.568,1426.912,mm
Barron,Wet Tropics,1980,975.064,1420.363,mm
Barron,Wet Tropics,1981,1831.526,1426.237,mm
Barron,Wet Tropics,1982,1350.644,1425.172,mm
Barron,Wet Tropics,1983,1234.946,1422.53,mm
Barron,Wet Tropics,1984,1140.762,1418.67,mm
Barron,Wet Tropics,1985,1571.558,1420.736,mm
Barron,Wet Tropics,1986,1338.008,1419.633,mm
Barron,Wet Tropics,1987,1041.574,1414.659,mm
Barron,Wet Tropics,1988,956.564,1408.709,mm
Barron,Wet Tropics,1989,1968.905,1415.891,mm
Barron,Wet Tropics,1990,1669.172,1419.098,mm
Barron,Wet Tropics,1991,1688.249,1422.462,mm
Barron,Wet Tropics,1992,868.586,1415.624,mm
Barron,Wet Tropics,1993,1043.085,1411.081,mm
Barron,Wet Tropics,1994,1280.1,1409.503,mm
Barron,Wet Tropics,1995,1313.782,1408.363,mm
Barron,Wet Tropics,1996,1498.108,1409.419,mm
Barron,Wet Tropics,1997,1435.578,1409.723,mm
Barron,Wet Tropics,1998,1304.658,1408.516,mm
Barron,Wet Tropics,1999,2061.688,1415.938,mm
Barron,Wet Tropics,2000,2104.405,1423.674,mm
Barron,Wet Tropics,2001,1570.036,1425.3,mm
Barron,Wet Tropics,2002,813.132,1418.573,mm
Barron,Wet Tropics,2003,969.544,1413.692,mm
Barron,Wet Tropics,2004,1964.385,1419.613,mm
Barron,Wet Tropics,2005,1268.208,1418.003,mm
Barron,Wet Tropics,2006,1782.022,1421.834,mm
Barron,Wet Tropics,2007,1328.301,1420.86,mm
Barron,Wet Tropics,2008,1955.859,1426.376,mm
Barron,Wet Tropics,2009,1675.201,1428.915,mm
Barron,Wet Tropics,2010,1344.714,1428.064,mm
Barron,Wet Tropics,2011,2343.143,1437.215,mm
Barron,Wet Tropics,2012,1681.782,1439.636,mm
Barron,Wet Tropics,2013,1096.351,1436.271,mm
Barron,Wet Tropics,2014,1537.683,1437.255,mm
Barron,Wet Tropics,2015,1180.053,1434.782,mm
Barron,Wet Tropics,2016,1049.089,1431.109,mm
Barron,Wet Tropics,2017,1246.794,1429.37,mm
Barron,Wet Tropics,2018,1777.135,1432.62,mm
Barron,Wet Tropics,2019,2004.607,1437.917,mm
Barron,Wet Tropics,2020,1099.473,1434.812,mm
Barron,Wet Tropics,2021,1635.621,1436.637,mm
Barron,Wet Tropics,2022,1514.464,1437.338,mm
Russell,Wet Tropics,1912,3024.067,3024.067,mm
Russell,Wet Tropics,1913,4574.518,3799.292,mm
Russell,Wet Tropics,1914,3614.785,3737.79,mm
Russell,Wet Tropics,1915,2083.211,3324.145,mm
Russell,Wet Tropics,1916,2981.917,3255.7,mm
Russell,Wet Tropics,1917,3717.486,3332.664,mm
Russell,Wet Tropics,1918,3841.29,3405.325,mm
Russell,Wet Tropics,1919,2849.499,3335.847,mm
Russell,Wet Tropics,1920,3232.147,3324.324,mm
Russell,Wet Tropics,1921,5060.022,3497.894,mm
Russell,Wet Tropics,1922,4123.258,3554.745,mm
Russell,Wet Tropics,1923,2260.262,3446.872,mm
Russell,Wet Tropics,1924,3403.025,3443.499,mm
Russell,Wet Tropics,1925,4514.122,3519.972,mm
Russell,Wet Tropics,1926,2200.407,3432.001,mm
Russell,Wet Tropics,1927,4025.748,3469.11,mm
Russell,Wet Tropics,1928,2991.551,3441.019,mm
Russell,Wet Tropics,1929,3989.718,3471.502,mm
Russell,Wet Tropics,1930,3714.484,3484.29,mm
Russell,Wet Tropics,1931,3341.724,3477.162,mm
Russell,Wet Tropics,1932,4089.17,3506.305,mm
Russell,Wet Tropics,1933,4070.711,3531.96,mm
Russell,Wet Tropics,1934,6221.762,3648.908,mm
Russell,Wet Tropics,1935,3566.245,3645.464,mm
Russell,Wet Tropics,1936,4268.223,3670.374,mm
Russell,Wet Tropics,1937,2967.237,3643.33,mm
Russell,Wet Tropics,1938,3292.849,3630.35,mm
Russell,Wet Tropics,1939,5709.336,3704.599,mm
Russell,Wet Tropics,1940,4206.726,3721.914,mm
Russell,Wet Tropics,1941,4498.443,3747.798,mm
Russell,Wet Tropics,1942,2616.182,3711.294,mm
Russell,Wet Tropics,1943,3240.604,3696.585,mm
Russell,Wet Tropics,1944,2679.919,3665.777,mm
Russell,Wet Tropics,1945,5613.353,3723.059,mm
Russell,Wet Tropics,1946,3141.482,3706.442,mm
Russell,Wet Tropics,1947,2219.226,3665.131,mm
Russell,Wet Tropics,1948,3188.514,3652.249,mm
Russell,Wet Tropics,1949,4180.773,3666.158,mm
Russell,Wet Tropics,1950,3693.313,3666.854,mm
Russell,Wet Tropics,1951,3521.854,3663.229,mm
Russell,Wet Tropics,1952,2895.111,3644.494,mm
Russell,Wet Tropics,1953,3684.037,3645.436,mm
Russell,Wet Tropics,1954,3441.802,3640.7,mm
Russell,Wet Tropics,1955,4420.567,3658.425,mm
Russell,Wet Tropics,1956,3175.574,3647.695,mm
Russell,Wet Tropics,1957,4069.968,3656.874,mm
Russell,Wet Tropics,1958,3563.23,3654.882,mm
Russell,Wet Tropics,1959,4265.205,3667.597,mm
Russell,Wet Tropics,1960,3181.273,3657.672,mm
Russell,Wet Tropics,1961,2219.112,3628.901,mm
Russell,Wet Tropics,1962,3055.919,3617.666,mm
Russell,Wet Tropics,1963,3846.638,3622.069,mm
Russell,Wet Tropics,1964,3958.475,3628.416,mm
Russell,Wet Tropics,1965,4815.634,3650.402,mm
Russell,Wet Tropics,1966,2082.251,3621.89,mm
Russell,Wet Tropics,1967,3979.133,3628.269,mm
Russell,Wet Tropics,1968,3233.56,3621.345,mm
Russell,Wet Tropics,1969,3032.992,3611.201,mm
Russell,Wet Tropics,1970,3386.108,3607.386,mm
Russell,Wet Tropics,1971,4283.363,3618.652,mm
Russell,Wet Tropics,1972,4166.338,3627.63,mm
Russell,Wet Tropics,1973,3692.09,3628.67,mm
Russell,Wet Tropics,1974,5323.536,3655.573,mm
Russell,Wet Tropics,1975,3399.968,3651.579,mm
Russell,Wet Tropics,1976,4356.659,3662.426,mm
Russell,Wet Tropics,1977,5595.886,3691.721,mm
Russell,Wet Tropics,1978,2836.742,3678.96,mm
Russell,Wet Tropics,1979,5112.552,3700.042,mm
Russell,Wet Tropics,1980,2583.695,3683.863,mm
Russell,Wet Tropics,1981,4730.688,3698.818,mm
Russell,Wet Tropics,1982,3608.855,3697.551,mm
Russell,Wet Tropics,1983,3061.975,3688.724,mm
Russell,Wet Tropics,1984,3446.859,3685.41,mm
Russell,Wet Tropics,1985,3820.747,3687.239,mm
Russell,Wet Tropics,1986,3847.682,3689.378,mm
Russell,Wet Tropics,1987,2936.69,3679.475,mm
Russell,Wet Tropics,1988,2962.172,3670.159,mm
Russell,Wet Tropics,1989,4788.961,3684.503,mm
Russell,Wet Tropics,1990,3808.588,3686.073,mm
Russell,Wet Tropics,1991,3984.357,3689.802,mm
Russell,Wet Tropics,1992,1881.768,3667.481,mm
Russell,Wet Tropics,1993,2849.632,3657.507,mm
Russell,Wet Tropics,1994,4035.355,3662.059,mm
Russell,Wet Tropics,1995,3473.215,3659.811,mm
Russell,Wet Tropics,1996,4052.961,3664.436,mm
Russell,Wet Tropics,1997,3489.729,3662.405,mm
Russell,Wet Tropics,1998,3498.991,3660.527,mm
Russell,Wet Tropics,1999,5814.143,3684.999,mm
Russell,Wet Tropics,2000,5545.893,3705.908,mm
Russell,Wet Tropics,2001,4285.956,3712.353,mm
Russell,Wet Tropics,2002,2112.753,3694.775,mm
Russell,Wet Tropics,2003,2401.24,3680.715,mm
Russell,Wet Tropics,2004,4191.827,3686.211,mm
Russell,Wet Tropics,2005,3065.502,3679.608,mm
Russell,Wet Tropics,2006,4379.822,3686.978,mm
Russell,Wet Tropics,2007,4041.822,3690.675,mm
Russell,Wet Tropics,2008,3720.239,3690.979,mm
Russell,Wet Tropics,2009,4349.867,3697.703,mm
Russell,Wet Tropics,2010,3795.832,3698.694,mm
Russell,Wet Tropics,2011,6132.342,3723.03,mm
Russell,Wet Tropics,2012,4367.584,3729.412,mm
Russell,Wet Tropics,2013,3100.603,3723.247,mm
Russell,Wet Tropics,2014,4107.614,3726.979,mm
Russell,Wet Tropics,2015,2735.036,3717.441,mm
Russell,Wet Tropics,2016,3111.097,3711.666,mm
Russell,Wet Tropics,2017,3198.55,3706.826,mm
Russell,Wet Tropics,2018,4182.162,3711.268,mm
Russell,Wet Tropics,2019,4128.395,3715.13,mm
Russell,Wet Tropics,2020,2818.108,3706.901,mm
Russell,Wet Tropics,2021,4035.763,3709.891,mm
Russell,Wet Tropics,2022,3818.735,3710.871,mm
Mulgrave,Wet Tropics,1912,1923.729,1923.729,mm
Mulgrave,Wet Tropics,1913,3079.335,2501.532,mm
Mulgrave,Wet Tropics,1914,2656.733,2553.266,mm
Mulgrave,Wet Tropics,1915,1344.159,2250.989,mm
Mulgrave,Wet Tropics,1916,2015.899,2203.971,mm
Mulgrave,Wet Tropics,1917,2460.781,2246.773,mm
Mulgrave,Wet Tropics,1918,2673.569,2307.744,mm
Mulgrave,Wet Tropics,1919,1788.039,2242.78,mm
Mulgrave,Wet Tropics,1920,2248.828,2243.452,mm
Mulgrave,Wet Tropics,1921,3826.261,2401.733,mm
Mulgrave,Wet Tropics,1922,2681.518,2427.168,mm
Mulgrave,Wet Tropics,1923,1599.589,2358.203,mm
Mulgrave,Wet Tropics,1924,2087.976,2337.417,mm
Mulgrave,Wet Tropics,1925,3194.482,2398.636,mm
Mulgrave,Wet Tropics,1926,1656.676,2349.172,mm
Mulgrave,Wet Tropics,1927,2942.473,2386.253,mm
Mulgrave,Wet Tropics,1928,1918.091,2358.714,mm
Mulgrave,Wet Tropics,1929,2990.814,2393.831,mm
Mulgrave,Wet Tropics,1930,2515.931,2400.257,mm
Mulgrave,Wet Tropics,1931,2428.381,2401.663,mm
Mulgrave,Wet Tropics,1932,2927.613,2426.708,mm
Mulgrave,Wet Tropics,1933,2990.597,2452.34,mm
Mulgrave,Wet Tropics,1934,4056.978,2522.107,mm
Mulgrave,Wet Tropics,1935,2466.051,2519.771,mm
Mulgrave,Wet Tropics,1936,2868.376,2533.715,mm
Mulgrave,Wet Tropics,1937,1804.912,2505.684,mm
Mulgrave,Wet Tropics,1938,1941.769,2484.799,mm
Mulgrave,Wet Tropics,1939,3998.91,2538.874,mm
Mulgrave,Wet Tropics,1940,2798.733,2547.835,mm
Mulgrave,Wet Tropics,1941,2941.655,2560.962,mm
Mulgrave,Wet Tropics,1942,1692.24,2532.939,mm
Mulgrave,Wet Tropics,1943,2247.239,2524.011,mm
Mulgrave,Wet Tropics,1944,1854.232,2503.714,mm
Mulgrave,Wet Tropics,1945,4114.071,2551.078,mm
Mulgrave,Wet Tropics,1946,2004.181,2535.452,mm
Mulgrave,Wet Tropics,1947,1365.809,2502.962,mm
Mulgrave,Wet Tropics,1948,2212.397,2495.109,mm
Mulgrave,Wet Tropics,1949,2941.191,2506.848,mm
Mulgrave,Wet Tropics,1950,2747.563,2513.02,mm
Mulgrave,Wet Tropics,1951,2346.116,2508.847,mm
Mulgrave,Wet Tropics,1952,1991.509,2496.229,mm
Mulgrave,Wet Tropics,1953,2874.98,2505.247,mm
Mulgrave,Wet Tropics,1954,2258.074,2499.499,mm
Mulgrave,Wet Tropics,1955,3141.45,2514.089,mm
Mulgrave,Wet Tropics,1956,2400.31,2511.56,mm
Mulgrave,Wet Tropics,1957,2682.062,2515.267,mm
Mulgrave,Wet Tropics,1958,2626.227,2517.628,mm
Mulgrave,Wet Tropics,1959,2830.555,2524.147,mm
Mulgrave,Wet Tropics,1960,2119.133,2515.882,mm
Mulgrave,Wet Tropics,1961,1368.846,2492.941,mm
Mulgrave,Wet Tropics,1962,2056.211,2484.378,mm
Mulgrave,Wet Tropics,1963,2827.509,2490.976,mm
Mulgrave,Wet Tropics,1964,2774.814,2496.332,mm
Mulgrave,Wet Tropics,1965,3224.974,2509.825,mm
Mulgrave,Wet Tropics,1966,1330.371,2488.38,mm
Mulgrave,Wet Tropics,1967,3111.564,2499.509,mm
Mulgrave,Wet Tropics,1968,2432.879,2498.34,mm
Mulgrave,Wet Tropics,1969,1977.957,2489.368,mm
Mulgrave,Wet Tropics,1970,2331.128,2486.686,mm
Mulgrave,Wet Tropics,1971,3125.656,2497.335,mm
Mulgrave,Wet Tropics,1972,3334.718,2511.063,mm
Mulgrave,Wet Tropics,1973,2357.996,2508.594,mm
Mulgrave,Wet Tropics,1974,4150.721,2534.659,mm
Mulgrave,Wet Tropics,1975,2248.465,2530.188,mm
Mulgrave,Wet Tropics,1976,2988.609,2537.24,mm
Mulgrave,Wet Tropics,1977,4180.553,2562.139,mm
Mulgrave,Wet Tropics,1978,1767.383,2550.277,mm
Mulgrave,Wet Tropics,1979,3958.34,2570.984,mm
Mulgrave,Wet Tropics,1980,1724.804,2558.72,mm
Mulgrave,Wet Tropics,1981,3273.638,2568.933,mm
Mulgrave,Wet Tropics,1982,2484.083,2567.738,mm
Mulgrave,Wet Tropics,1983,2209.162,2562.758,mm
Mulgrave,Wet Tropics,1984,2103.965,2556.473,mm
Mulgrave,Wet Tropics,1985,2791.44,2559.648,mm
Mulgrave,Wet Tropics,1986,2353.953,2556.906,mm
Mulgrave,Wet Tropics,1987,1894.609,2548.191,mm
Mulgrave,Wet Tropics,1988,1713.221,2537.348,mm
Mulgrave,Wet Tropics,1989,3604.228,2551.026,mm
Mulgrave,Wet Tropics,1990,2804.105,2554.229,mm
Mulgrave,Wet Tropics,1991,2861.413,2558.069,mm
Mulgrave,Wet Tropics,1992,1352.378,2543.184,mm
Mulgrave,Wet Tropics,1993,1880.807,2535.106,mm
Mulgrave,Wet Tropics,1994,2487.45,2534.532,mm
Mulgrave,Wet Tropics,1995,2388.458,2532.793,mm
Mulgrave,Wet Tropics,1996,2692.182,2534.668,mm
Mulgrave,Wet Tropics,1997,2462.478,2533.829,mm
Mulgrave,Wet Tropics,1998,2350.076,2531.717,mm
Mulgrave,Wet Tropics,1999,3852.335,2546.724,mm
Mulgrave,Wet Tropics,2000,3857.423,2561.451,mm
Mulgrave,Wet Tropics,2001,2926.023,2565.501,mm
Mulgrave,Wet Tropics,2002,1347.473,2552.116,mm
Mulgrave,Wet Tropics,2003,1652.476,2542.338,mm
Mulgrave,Wet Tropics,2004,3286.965,2550.344,mm
Mulgrave,Wet Tropics,2005,2238.903,2547.031,mm
Mulgrave,Wet Tropics,2006,3217.784,2554.092,mm
Mulgrave,Wet Tropics,2007,2667.469,2555.273,mm
Mulgrave,Wet Tropics,2008,3181.041,2561.724,mm
Mulgrave,Wet Tropics,2009,2991.905,2566.114,mm
Mulgrave,Wet Tropics,2010,2674.761,2567.211,mm
Mulgrave,Wet Tropics,2011,4165.344,2583.192,mm
Mulgrave,Wet Tropics,2012,3259.029,2589.884,mm
Mulgrave,Wet Tropics,2013,1984.161,2583.945,mm
Mulgrave,Wet Tropics,2014,2823.785,2586.274,mm
Mulgrave,Wet Tropics,2015,2171.973,2582.29,mm
Mulgrave,Wet Tropics,2016,2027.425,2577.006,mm
Mulgrave,Wet Tropics,2017,2248.063,2573.903,mm
Mulgrave,Wet Tropics,2018,3280.884,2580.51,mm
Mulgrave,Wet Tropics,2019,3415.433,2588.241,mm
Mulgrave,Wet Tropics,2020,1891.97,2581.853,mm
Mulgrave,Wet Tropics,2021,3042.282,2586.039,mm
Mulgrave,Wet Tropics,2022,2930.795,2589.145,mm
